key	verdict	kind	category	issue	evidence
AI-ENGINE-TRANSLATE	NO	lineage	contradiction	The ticket and the contract say each draft is written onto the block it translates, but the operation's lineage never writes control.content_block or the marketing template tables, and ADR-0020 says AiService cannot write outside the AI schema. Nothing says where the draft is actually stored.	README: "The result is an AI draft on the field until an operator saves it"; operation description: "Every proposal lands as a draft on the block it translates" and "A rule I had just described in the description above and then broke in the lineage below it"; TranslationProposals x-ticvai-persistence: "none — each draft is written on the block it translates"; lineage.writes: ["ai.activity","ai.pro
APP-MOB-GST-024	NO	untyped-body	broken-file	The schemas for the order request body and the menu are not expanded, so the Pay call and the menu cannot be built without guessing.	operation-fnb_createGuestFnbOrder.json: CreateGuestOrderRequest refs "CreateGuestOrderLine", "GuestOrderFulfilment" but neither schema is included; operation-fnb_getGuestMenu.json: GuestMenu.sections "items": "object" while the screen needs "each dish with photo, price and allergens; a dish's modifier groups come inside the menu"; FulfilmentSlots.slots and GuestOrderStatus.lines are also bare "obj
APP-POS-KIT-005	NO	untyped-body	gap	I can't build the screen's main action, because the rebalance request body is untyped and no component triggers the rebalance.	operation-fnb_rebalanceStationLoad.json StationRebalance: "moves": {"type": "array", "items": "object"}. screen-KIT-005.json actionBar: "components": []. No layout component names operation rebalanceStationLoad, though apis lists it as "trigger": "onAction".
APP-POS-POS-026	NO	data-model	gap	Nothing finds an order's tax invoice from its orderId. getTaxInvoice needs an invoiceId, but invoiceId is optional and the entries from POS-005, POS-030 and POS-025 carry none, so the onLoad read of the auto-issued simplified invoice (the receipt) has no id to use.	operation-finance_getTaxInvoice.json path "/tax-invoices/{invoiceId}"; screen entryState invoiceId "optional": true; notes: "the till prints it on payment from the issued invoice (`getTaxInvoice`, `getTaxDocumentRendition`)"
APP-SETUP-BO-109-REST	guess	untyped-body	gap	The till grid is the core of the designer, but sale board pages are typed only as an untyped object, so the page and tile structure the canvas must read and write (variant reference, position, size, label, F&B function) is not defined.	operation-tenancy_createSaleBoard.json / updateSaleBoard SaleBoard schema: "pages": {"type": "array", "items": "object", "minItems": 1}. The description says "Tiles reference catalogue variants and are grouped into pages". screen-BO-109.json: "Only F&B functions can be placed (DEC-184 default)" and "`pages` and their tiles come from the arranged grid".
APP-SETUP-BO-111-REST	NO	data-model	gap	The screen needs a recipeId, but no operation returns one: the Recipe schema has no id, so listIngredientSubstitutes, setIngredientSubstitutes and SubstitutionRule.recipeId cannot be filled in.	operation-fnb_listRecipes.json Recipe properties are only menuItemId, yield, ingredients, costPerPortion (no id). operation-fnb_listIngredientSubstitutes.json path "/recipes/{recipeId}/substitutes". operation-fnb_setSubstitutionRules.json SubstitutionRule required ["id","recipeId",...]. screen-BO-111.json entryState recipeId: "opened without it, the screen lists them with `listRecipes` and the use
APP-SETUP-BO-1162	guess	untyped-body	gap	Nothing on the main table or detail panel can be bound to data. None of the 11 column labels is a property of any response, and the response item schemas are untyped objects. The screen admits this, so the table contents would be guesswork.	screen-BO-1162.json gaps: 'not one of its columns can be bound'; dataTable 'bindsTo': null, 'operation': null, columns 'Risk policies'…'Change Governance'; WalletConfigurationDiff.changes items 'object', WalletConfigurationVersion.findings items 'object', WalletRiskRules.rules items 'object'
APP-SETUP-BO-1179	guess	data-model	gap	Most of the 13 table and detail columns have no source: WalletDispute has no integration or client id, endpoint or event, error code, error message, attempt count, last retry, priority or owner, so the main table would be invented.	screen-BO-1179.json columns ["Exception ID","Integration",...,"Error code","Error message","Attempt count",...,"Priority","Owner","Status"], "bindsTo": null; gaps: "not one of its columns can be bound"; WalletDispute properties are only id, walletId, transactionIds, amount, description, raisedBy, raisedAt, status, resolution, escalatedToRoleId, ...
APP-SETUP-BO-1179-REST	guess	data-model	gap	None of the 13 columns in the exception table and detail panel can be bound to a response field. WalletDispute has no integration, endpoint/event, error code, error message, attempt count, first failure, last retry, priority or owner field.	screen-BO-1179.json gaps: "This screen's operations return no schema with described properties, so not one of its columns can be bound"; dataTable "bindsTo": null, "operation": null; apisNote "0 of 13 labels bound to a contract property"; WalletDispute properties are id, walletId, transactionIds, amount, description, raisedBy, raisedAt, status, resolution, …
APP-SETUP-BO-167-REST	NO	data-model	gap	The release action needs a bindingId, but the list row it acts on has no id, so the selected row cannot be released.	operation-access_releaseCredentialDevice.json: path "/device-bindings/{bindingId}/release", bindingId required. operation-access_listDeviceBindingSession.json: DeviceBindingSessionSecurityView has only user, credential, deviceId, deviceReference, appInstallation, os, registrationDate, lastActivation, lastKnownVenue, securityStatus (no id or bindingId). screen-BO-167.json entryState params: "bindin
APP-SETUP-BO-230	guess	data-model	gap	The row the screen gets from listLiveGateMode has no id for the pending gate mode change, but cancelGateModeChange is a row action and needs that id in its path, so the Cancel button cannot be wired from a selected row.	operation-access_listLiveGateMode.json LiveGateModeLaneControlView properties: accessPointId, availableModes, currentMode, targetMode, operator, reason, effectiveTime (no change id); operation-access_cancelGateModeChange.json path "/gate-mode-changes/{changeId}/cancel"; screen-BO-230.json entryState params "changeId", "from": "navigation", "optional": true
APP-SETUP-BO-346	NO	lineage	contradiction	The files disagree about where the design is stored: the schemas say nothing is persisted and no table shares a field, but setPdfPrintablePos's lineage writes access.media_template, and getPdfPrintablePos, which supposedly 'returns what the write stores', reads nothing.	PdfPrintablePosTicketDesignerInput x-ticvai-persistence "none — request only; no existing table shares a single field with this"; View "none — projection ... assembled at read time"; setPdfPrintablePos lineage writes ["access.configuration_change","access.media_template"]; getPdfPrintablePos lineage "reads": [] while its description says "Returns what the write stores"
APP-SETUP-BO-828-REST	NO	untyped-body	gap	The create form has to collect the required fields tiers and earnRules, but the tier schema is never resolved in the linked files and earnRules is an untyped object, so neither form section can be built.	operation-marketing-crm_createLoyaltyProgramme.json LoyaltyProgramme required ["id","code","name","earnRules","tiers"]; tiers items "MarketingProgrammeTier" (refs: ["MarketingProgrammeTier"], no schema body); earnRules items "object". The overlay formCreateLoyaltyProgramme lists earnRules and tiers as Required.
APP-SETUP-CMS-025	guess	untyped-body	gap	The Upload scan report modal takes a report file, but recordCookieScan takes JSON whose findings items are an untyped object. Nothing says what file format is accepted or how the frontend turns a file into findings[].	screen-CMS-025.json overlay formRecordCookieScan: "The scan report file from another scanner, its channel and scan time"; RecordCookieScanRequest.findings: {"type":"array","items":"object"}; other files refer to fields in it ("As `RecordCookieScanRequest.findings[].technologyType`")
APP-SETUP-CMS-025-REST	guess	untyped-body	gap	The Upload scan report modal takes a report file, but recordCookieScan accepts JSON with an untyped findings[] and no field for source or file. The front end cannot tell how to turn a file into findings or how to mark the run as manualUpload.	screen overlay formRecordCookieScan body: "The scan report file from another scanner, its channel and scan time"; operation-marketing-crm_recordCookieScan.json RecordCookieScanRequest.findings: {"type":"array","items":"object"}, properties are only scannedAt/channel/domainApplication/scannerRef/findings, yet the description relies on findings[].consentState, pageUrl, initiatorUrl, suggestedCategor
MIG-CATALOGUE-6	guess	other	contradiction	The ticket says it builds the migration for these 18 tables, but every linked table spec says a different ticket owns their migration, so this may duplicate or clash with MIG-CATALOGUE-5.	README: "MIG-CATALOGUE-6 ... Builds: table catalogue.calculation_profile ... catalogue.tax_rule". All 18 table JSONs, e.g. table-catalogue.calculation_profile.json, table-catalogue.fee.json, table-catalogue.rate.json: "migration": "MIG-CATALOGUE-5"
MIG-CONTROL-6	guess	other	gap	Several declared foreign keys point at tables this ticket does not build (control.release, control.tenant, identity.principal). The other half ("1 of 2") is not linked, so the migration cannot be shown to run forward on an empty database.	table-control.migration.json: "FOREIGN KEY (release_id) REFERENCES control.release(id)"; table-control.release_component.json: same to control.release; table-control.outbox_republish.json: "REFERENCES control.tenant(id)"; README title "TICVAI Console 1 of 2 (20 tables)" with no link to part 2
MIG-CONTROL-8	guess	other	contradiction	The ticket says it is migration MIG-CONTROL-8 (V1092) for both tables, but both table specs say the migration is MIG-CONTROL-6, so it is unclear which migration should create them and they could end up created twice or by the wrong file.	README.md: "MIG-CONTROL-8 [DB] Forward migration V1092__control.sql ... Builds: table control.cell_instance, table control.cell_job"; table-control.cell_instance.json and table-control.cell_job.json: "migration": "MIG-CONTROL-6"
MIG-IDENTITY	guess	other	contradiction	The ticket says to build identity.session, but the table's own spec says it lives in Redis, not Postgres, gives it no migration, and gives it no row-level security, so it can't meet the 'matches its spec … row-level security' done-when.	table-identity.session.json: description "**Redis, not Postgres.** `ActiveSession` and `Session` both declare `persistence: none — Redis session registry`"; "migration": null; "rowLevelSecurity": []; yet "database": "tenant" with a CREATE TABLE in 010-identity.sql:448, and README Builds lists `table identity.session`
MIG-KERNEL	guess	other	gap	The table is declared PARTITION BY RANGE (event_id), but no partitions, default partition or partition-maintenance rule is given anywhere, so a migration built as specified would reject every insert.	table-kernel.inbox.json ddl: "partitionBy": "RANGE (event_id)", "create": "... ) PARTITION BY RANGE (event_id);" — no CREATE TABLE ... PARTITION OF or bounds for UUIDv7 ranges listed
MIG-MAINTENANCE	guess	other	broken-file	Every composite foreign key points at (venue_id, id), but none of the target tables has a unique constraint or index on (venue_id, id), so Postgres will reject these ALTER TABLE statements and the migration cannot run forward.	table-maintenance.incident.json 900-foreign-keys.sql:360 'FOREIGN KEY (venue_id, asset_id) REFERENCES maintenance.asset(venue_id, id)'; also :361, :365, :373, :375, :376 and asset :357 → access.access_point(venue_id, id). The only unique index listed for asset is 910-indexes.sql:4201 'asset_venue_id_asset_tag_uniq ON maintenance.asset (venue_id, asset_tag)'. The incident, inspection and work_order
MIG-MARKETING	guess	other	gap	marketing.case has no row-level security, yet the Done-when requires every table to match its RLS spec. The table holds guest subject_id and venue_id, and 15 tables reference it.	table-marketing.case.json: "rowLevelSecurity": []. Every other table in this pull has an apply_*_rls line in 920-row-level-security.sql. Its child marketing.case_message falls back to apply_tenant_rls ("was: only nullable references (author_principal_id -> identity.principal, case_id -> marketing.case)").
MIG-PARTITIONS	guess	other	gap	No file gives a retention period for any of the 7 tables. The detach half of the job and the 'expired partition is detached' check depend on it, and journal_line (financial) and audit_record (audit) probably need legally set periods.	README.md: "detaches and archives partitions past their retention (ADR-0047)"; Done when: "an expired partition is detached"; no retention field in any table-*.json
MIG-SUBSCRIPTION	guess	other	contradiction	Tenant row-level security is applied to plan, module_listing, plan_limit and plan_module, but none of them has a tenant_id column, and plan and module_listing are shared catalogs that every tenant must be able to read.	table-subscription.plan.json: "920-row-level-security.sql:1247: SELECT platform.apply_tenant_rls('subscription.plan'::regclass);  -- was: no scope column and no declared owner" vs offered_to_tenant_id: "Null for a package any tenant may buy... listPlans shows it to no other tenant"; module_listing line 1245 same "no scope column"; plan_limit/plan_module CREATE TABLE has only plan_id, metric/licens
SVC-ACCESS-GENERAL-2	guess	other	gap	The operation has no parameters, but the screen opens on one specific templateId and the response requires templateId. A venue has many templates, so nothing says which design GET /pdf-printable-pos should return.	operation: "path": "/pdf-printable-pos", "parameters": []; schema required: ["templateId", "outputFormat"], templateId = "Media template being designed"; screen-BO-346.json entryState params: [{"name": "templateId", "from": "navigation"}]; screen apis: listTicketTemplates "The templates this venue issues from".
SVC-ACCESS-GENERAL-2	guess	other	gap	The spec lists no table to read from, so the acceptance rule "reads only the tables its spec lists, under row-level security" can't be tested. I'd have to guess which tables hold the saved design.	operation-access_getPdfPrintablePos.json lineage: "reads": [], "writes": [], "source": "derived"; schema: "x-ticvai-persistence": "none — projection over access state, assembled at read time from tables that already exist" (the tables aren't named). service-AccessService.json lists setPdfPrintablePos only against cache:idempotency, with no access.* table.
SVC-ACCESS-GENERAL-3	guess	other	gap	None of the four operations names a table to read, yet the Done-when requires each to read 'only the tables its spec lists', so I can't build or test the read path without guessing.	All four operation files: "lineage": { "reads": [], "writes": [], ... "source": "derived" } and the view schemas say "x-ticvai-persistence": "none — projection over access state, assembled at read time from tables that already exist" without naming any table; README Done when: "each reads and writes only the tables its spec lists, under row-level security"
SVC-ACCESS-VALIDATION-2	guess	other	gap	Nothing says how to get from a line's variantId to 'the product's entitlement template'. catalogue.entitlement_template has no product_id or variant_id column (only renewal_variant_id), catalogue.variant has no template column, and catalogue.product is not in the reads.	operation description: "creates the line's entitlements from the product's entitlement template"; table-catalogue.entitlement_template.json DDL (no product_id/variant_id; "reachesRootVia": "renewal_variant_id -> catalogue.variant"); table-catalogue.variant.json DDL (id, product_id, sku, axis_values, ...); lineage.reads lacks catalogue.product
SVC-AI-AI-2	guess	other	gap	setSuggestionProvider is the only operation listed as writing cache:resolution, and the package says no key or eviction rule is recorded for that store. The cache write cannot be built from the package.	service-AiService.json, cache:resolution: "writtenBy": ["setSuggestionProvider"], "gap": "The lineage names this store, not the key. Which resolution entry each writer below evicts or bumps ... is not recorded for any operation, so a writer here cannot yet be implemented from the package alone."
SVC-AI-CONFIG-3	guess	data-model	gap	The table has no currency column, and the spec lists no table or service holding the tenant's selected or billing currency. GET cannot build Money.currency, and PUT cannot check `spend.currency` without reading something its spec does not list.	table-ai.spend_ceiling.json DDL: "spend numeric(18,4) NOT NULL", with no currency column. setAiSpendCeiling: "`spend.currency` must be the tenant's selected currency, or 400" and "billing currency ... (`SubscriptionInvoice` ...)". The lineage lists reads ["ai.spend_ceiling"] only. The Done-when says each operation "reads and writes only the tables its spec lists".
SVC-AI-CONFIGURE-1	guess	data-model	contradiction	The response schema has `questions` and promises the reasons behind a suggestion, but the table it persists to has no column for questions, attributes, splits or answer mapping, so GET cannot return what the contract says.	operation-ai_getGuidedChoiceSuggestion.json: AiGuidedChoiceSuggestion has `x-ticvai-persistence: ai.guided_choice_suggestion` and `questions` (array, readOnly), and the description reads "the products read, the attributes chosen and dropped with the split each makes, the answer mapping". table-ai.guided_choice_suggestion.json DDL has only id, venue_id, trigger, status, product_count, wording_sourc
SVC-AI-INSIGHTS-1	guess	other	gap	explainMetricChange depends on Reporting's semantic layer, but no Reporting operation, contract or metric catalogue is linked, so I can't build the core computation or validate metricKey.	operation-ai_explainMetricChange.json: "computed by Reporting on the analytical replica where RLS applies"; lineage reads only ["ai.insight","ai.policy","cache:idempotency"]; service-AiService.json readsFrom ReportingService "operations": 1 (the operation isn't named)
SVC-AI-RETRIEVAL-2	guess	other	gap	The table needs a NOT NULL collection_id pointing at ai.knowledge_collection, and its RLS comes through that key. But the contract only sends a free-text `collection` (an embedding table name like `ai.chunk_embedding`), so nothing says which knowledge_collection row to use or what error to return when none matches.	table-ai.index_source.json: `collection_id uuid NOT NULL` / "**Not exposed by the contract**"; RLS `apply_parent_rls('ai.index_source'::regclass, 'collection_id', 'ai.knowledge_collection'...)`; operation IndexSource.collection: "Which embedding table it lands in (`ai.chunk_embedding` for the default model...)"
SVC-CATALOGUE-BUNDLE-1	guess	other	gap	createBundle's `allocation` field has no structure: it is only `object`. The description requires three methods (proRataListPrice, percentage, fixedAmount) and a 400 when the split doesn't sum to 100% or to the price, and neither the validation nor its contract test can be written without guessing the shape.	operation-promotions_createBundle.json CreateBundleRequest: "allocation": "object"; description: "`proRataListPrice` is the default method; `percentage` and `fixedAmount` remain for an explicit split"; 400: "Allocation does not sum to 100 per cent, or fixed amounts do not sum to the bundle price."
SVC-CATALOGUE-BUNDLE-2	guess	lineage	contradiction	publishBundle has to read the venue's whole catalogue and sale boards to build its snapshot, but its lineage lists only the idempotency cache and catalogue.published_bundle, so the 'reads only the tables its spec lists' acceptance cannot be met.	operation-catalogue_publishBundle.json description: "Snapshots current catalogue state for a venue... the snapshot reads the venue's sale boards (`platform.sale_board`, every page and tile)" vs lineage "reads": ["cache:idempotency", "catalogue.published_bundle"], "source": "path-inferred"; README Done when: "each reads and writes only the tables its spec lists"
SVC-CATALOGUE-DRAFTED-1	NO	data-model	gap	The input fields have nowhere to be stored. The schema says it persists nothing, and coupon_code has no column for channel or assignee type. assigned_subject_id can only point to a pii.subject, so it cannot hold a segment, a B2B company or a campaign. What the PUT should actually write has to be invented.	operation json, CodeDistributionAssignmentManagerInput: "x-ticvai-persistence": "none — request only; **no existing table shares a single field with this**, so nothing the package stores today is what this configures"; but lineage.writes: ["promotions.coupon_code", "promotions.promotion_audit"]; assigneeType enum includes customerSegment, b2bCompany, reseller, marketingCampaign…; table-promotions.
SVC-CATALOGUE-DRAFTED-1	NO	other	contradiction	The response view reports sent, delivered, viewed and cancelled counts, and it claims to be assembled from tables that already exist. But coupon_code.status only allows issued, assigned, redeemed, expired and voided, and nothing records sending, delivery or viewing. Four of the view's metrics cannot be computed.	View x-ticvai-persistence: "projection over promotions state, assembled at read time from tables that already exist"; properties sent/delivered/viewed/cancelled; coupon_code DDL: CHECK (status IN ('issued', 'assigned', 'redeemed', 'expired', 'voided'))
SVC-CATALOGUE-DRAFTED-3	guess	lineage	gap	listProductApprovalWorkflows is a projection 'from tables that already exist', but no file says which tables approveWorkflow writes to. Its lineage lists no tables, so the 'reads only the tables its spec lists' check can't be met and the data source is a guess.	operation-catalogue_listProductApprovalWorkflows.json: ApprovalWorkflowDesignerView "x-ticvai-persistence": "none — projection over catalogue state, assembled at read time from tables that already exist"; lineage "reads": [], "writes": []; the ticket links no table for this operation (README 'What this touches' lists only catalogue.seat_pricing_rule)
SVC-CATALOGUE-ENTITLEMENT-3	guess	data-model	gap	access.entitlement has nowhere to store the suspended flag or the denyMessage. There is no is_suspended column and 'suspended' is not an allowed status, so I would have to guess how isSuspended is stored and returned, and where the gate message lives.	table-access.entitlement.json DDL: `status ... CHECK (status IN ('issued', 'partiallyConsumed', 'fullyConsumed', 'expired', 'cancelled', 'surrendered'))`, only `suspended_reason text` and no column for denyMessage; operation body has `isSuspended`, `denyMessage` "Shown to the operator at the gate"; the 200 response returns `isSuspended: boolean`
SVC-CATALOGUE-EVENT-4	guess	other	gap	GET has to return live figures from Redis, but no file gives the Redis keys or counter layout, or says who writes them, so waiting, admittedLastMinute, releasePerSecond and releaseLimitedBy cannot be built or tested.	operation-catalogue_getWaitingRoomStatus.json description: "The live figures come from the Redis counters, never from a table"; WaitingRoomStatus x-ticvai-persistence: "composed at read time from catalogue.waiting_room_setting and the room's Redis counters"; lineage stores ["postgres","redis"]. No key names, writer (the release controller) or format are given anywhere. setWaitingRoomSetting's line
SVC-CATALOGUE-EVENTS-1	NO	data-model	gap	catalogue.event has no column for a lifecycle state, so setEventLifecycleState has nowhere to save draft/planned/onSale/live/closed/cancelled/archived, and cloneEvent cannot mark its copy as a draft.	table-catalogue.event.json DDL: "id, code, name, venue_id, scope_path, parent_event_id, performance_count, is_active" (only a boolean); operation-catalogue_setEventLifecycleState.json lineage writes "catalogue.event" with state enum [draft, planned, onSale, live, closed, cancelled, archived]; cloneEvent 201 "Cloned as a draft"
SVC-CATALOGUE-LEASE-3	guess	other	contradiction	convertInventoryHold must convert the order's seat holds, but the capacity table says a seated capacity cannot be leased, so a seat order should never have an inventory hold to convert, and the spec does not say which call converts the seats.	operation-catalogue_convertInventoryHold.json: "The order's seat holds convert in the same call (3 October 2026, CHG-R1S-010): each held seat of the order moves to `sold`"; table-catalogue.channel_capacity.json is_seated: "Seated envelopes cannot be leased and are blocked offline. A seat map is not a count."
SVC-CATALOGUE-PRICING-1	guess	other	gap	setPrices writes cache:resolution, but the package itself says it does not record which cache key a writer evicts or bumps, so the cache invalidation cannot be built from the spec.	operation-catalogue_setPrices.json lineage.writes: ["cache:idempotency","cache:resolution","catalogue.price_list"]; service-CatalogueService.json cache:resolution gap: "Which resolution entry each writer below evicts or bumps … is not recorded for any operation, so a writer here cannot yet be implemented from the package alone."
SVC-CATALOGUE-PRODUCT-4	guess	lineage	gap	updateProduct's rules need data and writes that its lineage does not list, so it cannot meet 'reads and writes only the tables its spec lists'. The rules need variant durationMinutes, asset status and kind, active consent questions, and a MediaUsage record for each asset, but the lineage reads only product, product_media and booking_flow and writes only product and product_media.	operation-catalogue_updateProduct.json lineage reads [cache:idempotency, catalogue.product, catalogue.product_media, whitelabel.booking_flow], writes [cache:idempotency, catalogue.product, catalogue.product_media]; vs Product.requiresTimeWindow 'True requires every active variant to have a durationMinutes; otherwise 422', Product.media 'asset library (assets.yaml MediaAsset) in status ready ... Se
SVC-CATALOGUE-RECOMMENDATION-1	guess	lineage	contradiction	The lineage says the operation reads only catalogue.performance, yet its response needs seat ids, contiguity, category and price, which come from seating tables (seat, seat_hold, seat_category, seat_price_band, recommendation_rules, accessible). The 'reads only the tables its spec lists' acceptance cannot be met as written.	operation-seating_recommendSeats.json lineage: "reads": ["catalogue.performance"], "writes": [], "source": "path-inferred"; SeatRecommendation required [seatIds, totalPrice, isContiguous, rank]; README Done when: "each reads and writes only the tables its spec lists"
SVC-FNB-FNB-10	guess	other	gap	Nothing says how a guest cancels: the PATCH body is the full TableReservation with outletId, startsAt and partySize required, and the screens hide status and fix the restaurant, so neither a PATCH payload nor a status value for cancelling is defined.	operation json: "Party size, time, or cancelled"; TableReservation "required": ["outletId","startsAt","partySize"]; WEB-031 formUpdateTableReservation: "the outlet, tables, status and visit are the venue's and never shown"; GST-070: "Party size and time only; the restaurant is fixed"
SVC-FNB-FNB-11	NO	data-model	gap	Slot options, where upcharges and choosable items live, are defined only as free-form objects, and no table stores them, so the main thing setComboSlots does cannot be persisted.	operation-fnb_setComboSlots.json ComboSlot: "options": {"type":"array","items":"object"} (required); Combo description: "Upcharges live on the slot options". table-fnb.combo_slot.json DDL has only id, combo_id, name, min_select, max_select, sort_order. Lineage writes only fnb.combo, fnb.combo_slot.
SVC-FNB-FNB-13	guess	data-model	gap	setServiceStage has no column to store the stage, and nothing to read it back from: fnb.table_visit has no stage column, and the TableVisit response schema has no stage property. The lastWriterWins rule also needs the recordedAt of the last write, and nothing stores that either.	operation-fnb_setServiceStage.json: body requires `stage` (seated…cleared) and `recordedAt`; lineage writes only `fnb.table_visit`. table-fnb.table_visit.json DDL has id, table_id, table_label, outlet_id, covers, status, server_principal_id, subject_id, merged_*, running_total, gratuity, opened_at, closed_at, with no stage or stage_recorded_at. The TableVisit schema properties have no stage field.
SVC-FNB-FNB-17	NO	other	gap	listIngredientSubstitutes is addressed by recipe, but fnb.ingredient_substitute has no recipe column, so the rows cannot be filtered by recipeId.	operation-fnb_listIngredientSubstitutes.json path "/recipes/{recipeId}/substitutes"; table-fnb.ingredient_substitute.json DDL columns: id, from_inventory_item_id, to_inventory_item_id, substitution_ratio, ... created_at (no recipe_id); lineage reads only fnb.ingredient_substitute
SVC-FNB-FNB-17	NO	untyped-body	gap	recordCorrectiveAction should record what was done, but it has no request body, so it cannot receive actionTaken or disposal.	operation-fnb_recordCorrectiveAction.json: "requestBody": [], "body": null; the description says "What somebody did about it — discard, re-chill, recalibrate"; CorrectiveAction has actionTaken and disposal
SVC-FNB-FNB-18	NO	other	gap	setIngredientSubstitutes replaces the substitute list for one recipe, but neither the table nor the schema has a recipe column, so the handler cannot tell which rows belong to that recipe.	operation-fnb_setIngredientSubstitutes.json: path "/recipes/{recipeId}/substitutes", "Set whole per recipe"; table-fnb.ingredient_substitute.json DDL has only id, from_inventory_item_id, to_inventory_item_id, substitution_ratio, conditions_json, allergens_*_json, requires_approval, is_active, created_at. FnbIngredientSubstitute has no recipeId.
SVC-FNB-FNB-19	NO	data-model	contradiction	The AllergenVerdict schema is persisted to fnb.allergen_verdict, but that table has no column for `undeclared`, which is the field the contract calls the dangerous one. A recorded verdict would lose it.	AllergenVerdict: "x-ticvai-persistence": "fnb.allergen_verdict", property `undeclared`: "Present in the dish and absent from the label. The dangerous direction"; allergen_verdict DDL columns: menu_item_id, matches, declared, actual, over_declared, checked_at, trigger, id. There is no undeclared column.
SVC-FNB-FNB-19	NO	other	gap	Nothing linked says where the allergens of each ingredient or modifier option come from, so the 'actual' set cannot be computed. The tables that would hold them are not in the operation's reads: recipe_ingredient, ingredient_substitute, modifier_option and menu_item_modifier.	operation description: "Walks the recipe, its substitutions and its modifier groups, and compares what is actually in the dish against what the menu claims"; lineage.reads = [allergen_verdict, menu_item, modifier_group, recipe, substitution_rule]; fnb.recipe DDL has only menu_item_id, yield, cost_per_portion, id; fnb.modifier_group DDL has no allergen column; ingredients live in fnb.recipe_ingredi
SVC-FNB-FNB-8	guess	data-model	contradiction	Seating assigns tables, and the contract says those assignments are now one fnb.reservation_table row each. The lineage lists reservation_table only as a read, so the table assignment has nowhere allowed to go.	operation-fnb_seatTableReservation.json: TableReservation.tables "The dining tables assigned to this reservation, one row each. Usually empty until seating... Replaces `tableIds`, retired 20 September"; x-ticvai-retired-columns ["table_ids"]; lineage reads include "fnb.reservation_table", writes ["cache:idempotency","fnb.table_reservation","fnb.table_session","fnb.table_visit"]
SVC-FNB-FNB-8	guess	lineage	contradiction	rollbackMenu must write a new MenuVersion row, but its lineage lists no write to fnb.menu_version. Following the Done-when rule "writes only the tables its spec lists" would make the core behaviour impossible.	operation-fnb_rollbackMenu.json: description "The restored version becomes a new version rather than deleting the bad one"; MenuVersion "x-ticvai-persistence": "fnb.menu_version", "rollbackMenu writes a new one from an older one"; lineage "writes": ["cache:idempotency","cache:resolution","fnb.menu"]
SVC-FNB-FNB-8	guess	lineage	contradiction	scheduleMenuPublish creates or cancels a MenuSchedule, which is stored in fnb.menu_schedule, but the lineage lists fnb.menu_schedule only as a read. The writes go to fnb.menu.	operation-fnb_scheduleMenuPublish.json: MenuSchedule "x-ticvai-persistence": "fnb.menu_schedule"; lineage "reads": [..., "fnb.menu_schedule"], "writes": ["cache:idempotency","cache:resolution","fnb.menu"]
SVC-FNB-GUESTORDERING-3	guess	untyped-body	gap	The listFulfilmentSlots response cannot be built or contract-tested: the slot items are untyped, and `items` is a single object where the Page schema requires an array.	operation-fnb_listFulfilmentSlots.json: FulfilmentSlots "slots": {"type":"array","items":"object"}; the 200 response is allOf [Page, {properties: {items: "FulfilmentSlots"}}], but Page has "items": {"type":"array"}. The description promises "ASAP plus fixed slots" with no shape for either.
SVC-FNB-GUESTORDERING-4	guess	other	gap	setDeliveryLocationOutletMapping must write cache:resolution, but the package itself says no writer to that cache can be built, because the key to evict or bump is not recorded.	service-FnbService.json cache:resolution gap: "Which resolution entry each writer below evicts or bumps ... is not recorded for any operation, so a writer here cannot yet be implemented from the package alone." setDeliveryLocationOutletMapping is listed in that cache's writtenBy
SVC-FNB-GUESTORDERING-5	NO	lineage	contradiction	The Done-when requires the operation to read and write only the tables its spec lists, and the lineage lists only fnb.table_session and the idempotency cache. The contracted behaviour, though, has to read and possibly write tables that are not listed: fnb.table_visit, fnb.dining_table and platform.outlet.	operation lineage: "reads": ["cache:idempotency","fnb.table_session"], "writes": ["cache:idempotency","fnb.table_session"]; README Done when: "each reads and writes only the tables its spec lists"; description: "Where a visit is already open — a server seated them — the guest joins it rather than starting a second one"; 409 reasons "outletClosed", "tableOutOfService"; table DDL: "visit_id uuid NOT
SVC-FNB-GUESTORDERING-5	NO	other	gap	None of the files define where the rotating table code is stored, how it maps to a table, or how long it lives. Without that, codeUnknown and codeExpired can't be told apart and the main input can't be validated.	operation body: "tableCode": "From the table QR. Rotates; a stale code is refused."; description: "The code is short-lived and rotates." fnb.table_session has no code column, and lineage reads no table or store that holds codes
SVC-FNB-PRODUCTION-1	guess	lineage	contradiction	The operation must re-run verifyAllergens, read inventory costs and mark the item stock-tracked. Its lineage lists only fnb.recipe, fnb.recipe_ingredient and the idempotency cache, so it cannot meet the Done-when rule of touching 'only the tables its spec lists'.	operation-fnb_setRecipe.json description: "Saving re-runs `verifyAllergens`… and recomputes `costPerPortion` from the ingredients"; 200: "The item becomes stock-tracked"; table-fnb.recipe.json cost_per_portion: "each ingredient quantity at its current inventory cost"; lineage reads/writes: ["cache:idempotency","fnb.recipe","fnb.recipe_ingredient"]. The lineage does not list fnb.allergen_verdict, f
SVC-FNB-TABLE-1	guess	lineage	contradiction	The lineage for getTableMap and clearTable lists only fnb.dining_table, but both return TableState, which is a projection over table and visit and needs visit data that table cannot hold. So 'reads only the tables its spec lists' cannot be met.	operation-fnb_getTableMap.json lineage "reads": ["fnb.dining_table"]; operation-fnb_clearTable.json lineage reads/writes ["cache:idempotency","fnb.dining_table"]; TableState "x-ticvai-persistence": "none — projection over table and visit" with visitId, covers, seatedAt, serverPrincipalId, billTotal; README Done when: "each reads and writes only the tables its spec lists"
SVC-FNB-TABLE-2	guess	lineage	gap	setTableLayout's capacity rule needs a check for open visits, but no error is declared for the refusal and fnb.table_visit isn't in its lineage. The rule can't be built without reading a table the spec doesn't list, and the acceptance can't be tested.	operation-fnb_setTableLayout.json description: "A table whose capacity changes is refused while a visit is open on it, as `updateTable` is." The responses are only 412, 200 and 429. lineage.reads: ["cache:idempotency","fnb.dining_table"]. The README's Done-when says "each reads and writes only the tables its spec lists". FnbProblem has `tableHasOpenVisit`, but setTableLayout doesn't reference FnbP
SVC-IDENTITY-ADMINISTRATION-1	guess	lineage	contradiction	The Done-when says each operation may read and write only the tables its spec lists, but the lineage lists only identity.role and identity.principal, while the response schemas and rules need other data: role permissions, preset templates, segregation rules, grants/role assignments and last login.	README Done-when: "each reads and writes only the tables its spec lists". createRole lineage: reads [cache:idempotency, identity.role], writes [..., identity.role]. Yet its description copies preset permissions (`listCapabilityTemplates`), checks a `SegregationRule`, and Role.permissions refers to `identity.role_permission`. listRoles lineage reads only identity.role but returns Role.permissions, 
SVC-IDENTITY-ADMINISTRATION-7	NO	data-model	gap	Policy conditions have no column to be stored in, and AccessCondition, the schema that defines them, is not in the bundle. Without both, updateAuthorisationPolicy cannot save conditions and simulateAuthorisationPolicy cannot evaluate them.	operation-identity_updateAuthorisationPolicy.json: "conditions": {"type":"array","items":"AccessCondition"}, refs ["AccessCondition"] with no definition given; table-identity.authorisation_policy.json: the CREATE TABLE lists 16 columns (id … delegated_admin_role_ids) and none of them is conditions
SVC-IDENTITY-GUESTAUTH-2	guess	lineage	gap	guestPasswordLogin's lineage leaves out tables and stores it must use: the account lookup by identifier (pii.subject_contact), the stored guest password hash, PasswordPolicy and the lockout counter, the per-device session write (identity.guest_session) and cache:idempotency. The 'only the tables its spec lists' acceptance therefore can't be met, and where guest credentials and lockout state live is left to guesswork.	operation-identity_guestPasswordLogin.json lineage: "reads": ["identity.mfa_method"], "writes": ["platform.outbox"], "source": "derived"; description: "Failed attempts count against `PasswordPolicy.lockoutAfterAttempts`", "signing in on a device ends that device's previous guest session"; Idempotency-Key required; service-IdentityService.json cache:idempotency writtenBy/readBy lists guestSocialLog
SVC-IDENTITY-IDENTITY-1	guess	lineage	contradiction	The Done-when rule allows only the tables the lineage lists, but the sessionless forceLogout path cannot be built from identity.session alone: it has to verify the supervisor's PIN, check their SESSION_FORCE_LOGOUT at the till's venue, check that the session's workstation belongs to that venue, and write an audit record.	operation-identity_forceLogout.json: lineage reads/writes only ["cache:idempotency","identity.session"], stores ["redis"], source "path-inferred"; description: "The PIN is verified against the principal ... that principal must hold SESSION_FORCE_LOGOUT at the till's venue, and the call reaches only a session at a workstation of that venue"; 204 "Session terminated and audited". README: "each reads
SVC-IDENTITY-IDENTITY-1	guess	lineage	contradiction	exportSubjectData's 202 says the call raises a platform.dsar_request, yet the lineage writes nothing but the idempotency cache, and it gives a fixed hand-mapped read list while the description says the table set comes from api-data-lineage.json.	operation-identity_exportSubjectData.json: 202 "Export started, as a data-subject request (`platform.dsar_request`)"; lineage writes ["cache:idempotency"], "source": "hand-mapped"; description "Assembled from the lineage, not from a hand-written list ... a hand-maintained list of personal data is a list that drifts"
SVC-IDENTITY-SESSION-1	guess	lineage	gap	On the sessionless POS-000 path there is no token, so the files do not say how the server sets the tenant/RLS context or finds the till's venue to check SESSION_FORCE_LOGOUT 'at the till's venue'. Checking the PIN also reads credentials from a table (presumably identity.principal_credential) that the lineage does not list.	operation description: "the till calls this with no token (`security` admits `{}`), names itself (`workstationId`) ... that principal must hold `SESSION_FORCE_LOGOUT` at the till's venue"; "The PIN is verified against the principal as `common.yaml` `SupervisorStepUp` says" (SupervisorStepUp is not included); lineage reads only principal and session
SVC-IDENTITY-SESSION-1	guess	other	gap	identity.session has no row-level security policy, yet Done-when requires the operation to run under RLS and the contract says the table is under RLS.	table-identity.session.json ddl: "rowLevelSecurity": [] (compare identity.principal: "920-row-level-security.sql:1143: SELECT platform.apply_tenant_rls('identity.principal'...)"); README Done when: "each reads and writes only the tables its spec lists, under row-level security"; ActiveSession: "tenant-scoped and under RLS like every identity table"
SVC-IDENTITY-SSO-1	guess	lineage	contradiction	completeSsoAuthorization must apply group-to-role mapping and compute requiresMfa, availableRoles and tokens, but its lineage does not list the tables that hold that data. The Done-when also says it reads and writes only the tables its spec lists, so following the spec breaks the acceptance.	operation-identity_completeSsoAuthorization.json description: "Group-to-role mapping is applied here"; lineage.reads = [cache:idempotency, identity.mfa_method, identity.principal, identity.sso_provider], writes = [cache:idempotency, identity.session, platform.outbox]. No identity.sso_group_mapping, identity.role, identity.role_permission or identity.password_policy (needed for PasswordPolicy.mfaRe
SVC-INVENTORY-INVENTORY-1	NO	data-model	gap	setDailyCount must persist and return a daily list (itemIds, locationId, dueBy, postsAdjustment), but its lineage writes only inventory.item, and that table has no column for any of these.	operation-inventory_setDailyCount.json lineage "writes": ["cache:idempotency","cache:resolution","inventory.item"]; response "The daily list as it now stands"; table-inventory.item.json DDL has no daily/count/due_by/posts_adjustment column
SVC-INVENTORY-INVENTORY-1	NO	other	gap	Both write operations must evict cache:resolution, and the service file says which key to evict is not recorded, so it cannot be implemented from the package.	service-InventoryService.json cache:resolution writtenBy ["bulkUpdateProducts","setDailyCount",...]; gap: "Which resolution entry each writer below evicts or bumps ... is not recorded for any operation, so a writer here cannot yet be implemented from the package alone."
SVC-LEDGER-FINANCE-3	NO	data-model	gap	resolveObligationDispute takes an agreedAmount and says the original amount is kept, but ledger.inter_entity_obligation and the InterEntityObligation schema have no column or field for the agreed amount, so the resolved figure has nowhere to be stored or returned.	operation-finance_resolveObligationDispute.json: body required ["agreedAmount"]; description "Returns the obligation to `outstanding`, possibly at a different figure. The original amount is retained"; table-ledger.inter_entity_obligation.json DDL has only arising_amount, no agreed/resolved amount; lineage writes only ledger.inter_entity_obligation
SVC-LEDGER-FINANCE-3	NO	lineage	contradiction	The lineage for recordWriteOff writes only ledger.posting, but the 201 response returns a newly posted JournalEntry with lines, and posting.journal_entry_id is a NOT NULL foreign key to journal_entry, so the operation cannot work without writing the tables it may only read.	operation-finance_recordWriteOff.json lineage: "writes": ["cache:idempotency","ledger.posting"], reads include ledger.journal_entry and ledger.journal_line; 201: "The journal entry the write-off posted, with `source` `writeOff` and its lines"; table-ledger.posting.json: "journal_entry_id uuid NOT NULL" FK posting_journal_entry_id_fkey; README Done when: "each reads and writes only the tables its s
SVC-LEDGER-TAX-1	guess	other	gap	The issueCreditMemo request gives no shape for its lines, so a partial memo, the core of this operation, has to be guessed: the field names, quantity or amount, and the line reference.	operation-finance_issueCreditMemo.json, FinIssueCreditMemoRequest.lines: "items": "object", "description": "Required for `partial`. Each names an invoice line and the quantity or amount credited."
SVC-LEDGER-TAX-3	NO	other	gap	Converting each tax invoice and credit memo to PINT AE is the core of transmitEInvoices, but the package has no field mapping. The contract says the mapping is still open and that someone outside the project owns it.	operation-finance_transmitEInvoices.json x-ticvai-make-or-break: "Which PINT AE fields are mandatory for each document kind (the regulator lists 51 for a tax invoice) and how are simplified invoices and credit memos reported? The mapping from FinTaxInvoice and FinCreditMemo to PINT AE is defined by the Ministry of Finance and the FTA, not by us (CF-133)."
SVC-LEDGER-TAX-4	guess	other	gap	The fields of a calculateTax request line and response line are not defined. Both are bare `object`, so I can't tell which inputs a line carries (amount, discount, tax code or product, quantity) or what each result line must return.	operation-finance_calculateTax.json: CalculateTaxRequest.lines `"items": "object"`; TaxCalculation.lines `"items": "object"`. The description still requires per-line `taxBase`, "each applied code in order, and whether it compounded". table-ledger.tax_exemption.json verification_status says calculateTax "records the exemption id on the line".
SVC-LEDGER-TAX-6	NO	other	gap	setTaxInvoiceTemplate must write cache:resolution, but the package says which entry to evict or bump is not recorded, so the write cannot be built.	service-LedgerService.json cache:resolution writtenBy ["setEInvoicingProvider","setTaxInvoiceTemplate"], gap: "Which resolution entry each writer below evicts or bumps ... is not recorded for any operation, so a writer here cannot yet be implemented from the package alone."
SVC-MARKETING-CONSENT-4	guess	other	gap	setConsentPurposes writes cache:resolution, but the package itself says no one has recorded which key that write evicts, so the eviction can't be implemented or tested.	operation-marketing-crm_setConsentPurposes.json lineage.writes: "cache:resolution"; service-MarketingService.json cache:resolution gap: "Which resolution entry each writer below evicts or bumps ... is not recorded for any operation, so a writer here cannot yet be implemented from the package alone." writtenBy includes "setConsentPurposes"
SVC-MARKETING-FEEDBACK-1	guess	lineage	contradiction	The ticket requires a low rating to open a service case, but the operation's lineage lets it write only marketing.review and the idempotency cache, and the Done-when allows only the tables the spec lists.	operation description: "A low rating may open a service case automatically where the venue configures it"; Review.openedCaseId: "Case raised automatically where the rating fell below the venue's threshold"; lineage writes: ["cache:idempotency","marketing.review"]; README Done when: "each reads and writes only the tables its spec lists"
SVC-MARKETING-MARKETING-19	guess	other	gap	The operation has no business rules, so 'unit tests cover its rules' cannot be tested. It does not say what happens when neither or both targets are sent, which state the conversation moves to, whether a closed conversation can be transferred, or who may transfer it.	operation json: description is only "22.8.17. **The context travels again** — a guest transferred twice should still not have repeated themselves."; body has toPrincipalId, toQueueId and note with no `required`; SUP-004/SUP-005 overlay: "Nothing in the body is required."; table state CHECK ('withAssistant','queued','withAgent','waitingOnGuest','resolved','abandoned','timedOut')
SVC-MARKETING-MARKETING-5	guess	lineage	contradiction	respondToInvitation's description says accepting issues the entitlement, but its lineage writes only marketing.invitation, with no entitlement table and no orders operation to call, so it is unclear how entitlementIds gets filled.	operation-marketing-crm_respondToInvitation.json: description "**Accepting issues the entitlement**, which is why this is not a marketing operation with a follow-up" vs lineage.writes ["cache:idempotency","marketing.invitation"]; Invitation.entitlementIds
SVC-MARKETING-SEGMENT-2	NO	lineage	contradiction	The operation says it evaluates segment members live, but the lineage only lets it read marketing.guest_profile. The Done-when rule says it may read only the tables its spec lists, so it cannot read the segment definition or its criteria, and live evaluation is impossible.	operation-marketing-crm_listSegmentMembers.json: "description": "Evaluated live. Useful for spot-checking a definition before use." and lineage "reads": ["marketing.guest_profile"]; README Done when: "each reads and writes only the tables its spec lists"; service-MarketingService.json lists marketing.segment and marketing.segment_criterion (parent marketing.segment) as separate tables, and neither
SVC-MARKETING-SEGMENT-4	guess	lineage	contradiction	The lineage says this operation writes marketing.segment_criterion, but the contract says it writes nothing, and the Done-when clause tests against the lineage's table list.	operation json lineage: "writes": ["marketing.segment_criterion"], "reads": []; versus description: "on a definition that is not saved ... Writes nothing." and x-ticvai-idempotency-exempt: "A computation that writes nothing"; README Done when: "each reads and writes only the tables its spec lists"
SVC-MARKETING-SEGMENT-4	guess	lineage	gap	The lineage lists no tables this operation reads, yet computing matching and reachable counts after consent and suppression needs at least guest profile, consent, suppression and the excluded segments. So the 'only the tables its spec lists' acceptance can't be met or tested.	operation json lineage "reads": []; description: "the matching count and the reachable count per channel after consent and suppression"; CreateSegmentRequest.excludeSegmentIds
SVC-ORDER-DRAFTED-1	guess	other	gap	The view has no group identifier, so POS-031 cannot select a row and call getGroupBooking or recordGroupCheckIn, which need the groupBookingId from the selected row.	operation-orders_listGroupArrivalCheck.json, GroupArrivalCheckInAdmissionOperationsView properties hold no id or groupBookingId. screen-POS-031.json entryState: "`getGroupBooking`, `recordGroupCheckIn` take the id from the record the user acts on"; patternReason: "list, select, act"
SVC-ORDER-DUNNING-1	guess	lineage	contradiction	The retry operation must charge a card and keep the membership going, but its lineage lists only the idempotency cache and payments.dunning_case. The Done-when rule allows only the tables the spec lists, so the operation cannot be built as described and still pass.	operation-payments_retryMyDunningPayment.json: description "Charges the case's amount again, on a different saved card... Success resolves the case and the membership continues without a gap"; lineage writes ["cache:idempotency","payments.dunning_case"]. README Done when: "each reads and writes only the tables its spec lists". No payments.token, payments.payment_attempt, orders.payment, provider, 
SVC-ORDER-ORDER-1	guess	lineage	contradiction	applyManualDiscount has to record a discount, yet its lineage only reads orders.order_line_discount and never writes it, and it writes no ledger table, although the spec says the discount posts to a discount account.	operation-orders_applyManualDiscount.json description: "Posts to a discount account, never as a price change. A line sold at a reduced price and a line discounted are different facts"; lineage reads include "orders.order_line_discount", while writes are only ["cache:idempotency","orders.order_line","orders.payment","orders.sales_order"]. Done-when says each operation "reads and writes only the tab
SVC-ORDER-ORDERS-1	guess	data-model	had-to-guess	BillingStatement is said to be computed, not stored, yet it has a required id and is fetched by statementId. Nothing says what a statementId identifies or how it maps to periodStart/periodEnd and a subject, so the GET can't be built without inventing an id scheme.	operation-orders_getBillingStatement.json: path "/billing-statements/{statementId}"; BillingStatement "x-ticvai-persistence": "none — computed from orders.payment and payments.dunning_case", "Computed rather than stored", required ["id","periodStart","periodEnd",...]
SVC-ORDER-ORDERS-12	NO	other	contradiction	issueInvitation must write access.entitlement, but that table requires a non-null order_id with a foreign key to orders.sales_order, and the contract says an invitation never enters the order path. That makes the entitlement row impossible to insert.	table-access.entitlement.json DDL: "order_id uuid NOT NULL" + "900-foreign-keys.sql:31 ... FOREIGN KEY (order_id) REFERENCES orders.sales_order(id)"; operation-orders_issueInvitation.json description: "a discount runs through the order path ... an invitation never enters it"; lineage writes include access.entitlement but not orders.sales_order
SVC-ORDER-ORDERS-2	guess	other	gap	importTicketTemplate has to return 422 for a format it does not support, but no file names a supported format, so I can't write the parser or test either 422 cause.	operation-orders_importTicketTemplate.json: TicketTemplateImportInput.format is only `"type": "string", "maxLength": 30, "description": "The definition format of the file. One the service does not read is a 422."`; the description says "Creates a ticket template from a supported definition file" and never lists the formats or the file layout
SVC-ORDER-ORDERS-3	guess	other	gap	payByLink's error schema defines four refusal reasons (expired, paid, superseded, cancelled), but the contract declares no response, status code or problem type for any of them, so the 'every documented error response' acceptance can't be met or tested.	operation-orders_payByLink.json: PaymentLinkProblem.refusedReason enum ["linkExpired","linkPaid","linkSuperseded","linkCancelled","linesUnavailable"], but the only error response is 409 with x-ticvai-problem-types ["lines-unavailable"]; screen-WEB-014.json coldEntry: "Expired, already paid and superseded are three different messages, and **404 is never one of them**"
SVC-ORDER-PAYMENTS-1	guess	other	gap	createPaymentProviderConnection says credentials are written and never read back, but the request schema has no input field for credentials, only a read-only fingerprint, so the client has no way to send the key.	operation-payments_createPaymentProviderConnection.json: description "**Credentials are written and never read back.** The response carries a fingerprint"; PaymentProviderConnection properties have only "credentialFingerprint": {"readOnly": true}, plus an untyped "capabilities": "object"; lineage writes only payments.provider_connection
SVC-ORDER-PAYMENTS-1	guess	other	gap	setInstalmentPolicy writes cache:resolution, but the package says which key to evict is not recorded, so I can't implement or test the eviction from these files.	service-OrderService.json, cache:resolution: "writtenBy": [... "setInstalmentPolicy" ...], "gap": "The lineage names this store, not the key... so a writer here cannot yet be implemented from the package alone."; operation-payments_setInstalmentPolicy.json lineage.writes includes "cache:resolution"
SVC-ORDER-POLICY-1	guess	other	gap	setRefundPolicy must write cache:resolution, but the package does not say which resolution key to evict or bump, or whether child scopes are affected. The service file itself says such a writer cannot be implemented from the package.	service-OrderService.json, cache:resolution: writtenBy includes "setRefundPolicy"; gap: "Which resolution entry each writer below evicts or bumps ... is not recorded for any operation, so a writer here cannot yet be implemented from the package alone." operation lineage writes: ["cache:idempotency","cache:resolution",...]
SVC-ORDER-SHIFT-1	guess	lineage	contradiction	acceptShiftVariance must move the shift's deposit boxes to `reconciled`, but its lineage neither reads nor writes `orders.deposit_box`, and the Done-when says each operation touches only the tables its spec lists.	operation-shift_acceptShiftVariance.json description: "Moves the shift to `closed` and each of its deposit boxes from `closed` to `reconciled`"; lineage.writes: ["cache:idempotency","orders.pos_shift","platform.outbox"]; README Done when: "each reads and writes only the tables its spec lists"
SVC-ORDER-SHIFT-2	guess	other	contradiction	The screens say a supervisor uses closeShift to resolve a shift that is already counted and "Under review" (pendingVariance), but the contract refuses any shift that is not open or suspended with 409.	operation-shift_closeShift.json 409: "Shift is not `open` or `suspended` — already closing or closed (problem type `shift-not-open`)". screen-POS-007.json pendingVariance: "accepts it, asks for a recount (`rejectShiftVariance`) or closes it (`closeShift`, CHG-SPO-021)"; the 'Close shift for the cashier' button: "closes the cashier's shift, or resolves one that is \"Under review\"". screen-BO-043.j
SVC-PLATFORM-GENERAL-1	guess	other	gap	control.api_anomaly_rule has no tenant_id column and no row-level-security policy, so the tenant-scoped listApiAnomalyRules cannot be limited to one tenant, which breaks the 'under row-level security' acceptance. Rules with a null client_id belong to no tenant at all.	table-control.api_anomaly_rule.json DDL: columns id, rule_key, client_id (nullable), measure, comparison, threshold, window_minutes, action, is_active; "rowLevelSecurity": []; client_id description "Null applies to every client of the tenant."; ApiAnomalyRule: "Platform defaults ship for every tenant; TICVAI tightens them per tenant or per client"; operation scopeLevel "tenant"; README Done when: 
SVC-PLATFORM-METERING-2	NO	other	gap	The response's metrics[] array has no item schema, so I can't build the payload and the contract tests have nothing to check it against.	operation-subscription_getUsageMetering.json UsageReport: "metrics": { "type": "array", "items": "object" }, "x-ticvai-persistence": "none — aggregated".
SVC-PLATFORM-METERING-2	NO	other	gap	control.usage_record has no tenant_id column and no row-level security policy, so a tenant's usage can't be selected or protected. The path is /tenants/{tenantId}/usage, and the Done-when requires reads 'under row-level security'.	table-control.usage_record.json DDL columns: id, metric, quantity, venue_id, capability, audience, recorded_at (no tenant_id); "rowLevelSecurity": []; "keys": [], "foreignKeys": []. README Done when: "each reads and writes only the tables its spec lists, under row-level security". Operation path "/tenants/{tenantId}/usage", scopeLevel "tenant".
SVC-PLATFORM-PLAN-1	guess	data-model	gap	The data model doesn't say how plan versions relate to each other. subscription.plan has `id` as its only primary key and no column linking a plan's versions together, so a new version under the same planId can't be stored. The spec also never says how `version` is formed, what the first version is, or whether publishing a new version changes isActive on the previous one.	table-subscription.plan.json: "id uuid PRIMARY KEY NOT NULL, version text NOT NULL, is_active boolean NOT NULL"; createPlanVersion path "/plans/{planId}", description "Existing subscribers remain on their version until migrated deliberately"; Plan.version is a bare "type": "string"
SVC-PLATFORM-PLAN-1	guess	lineage	contradiction	The required licensedModules are stored in subscription.plan_module, but the lineage for both operations never writes that table and no operation in the package writes it. Following the Done-when rule ('writes only the tables its spec lists') means the modules can't be saved.	operation-subscription_createPlan.json Plan: "x-ticvai-persistence": "subscription.plan + subscription.plan_module + subscription.plan_limit"; lineage writes: ["cache:idempotency","subscription.plan","subscription.plan_limit"]; service-PlatformService.json subscription.plan_module "writtenBy": []; README Done when: "each reads and writes only the tables its spec lists"
SVC-PLATFORM-PUBLICAPI-11	guess	other	gap	setApiQuota is listed as a writer of cache:resolution, but the package says it does not record which resolution key to evict, so this write cannot be built as specified.	service-PlatformService.json, cache:resolution: writtenBy ["setApiLicensing","setApiQuota"]; gap: "The lineage names this store, not the key... is not recorded for any operation, so a writer here cannot yet be implemented from the package alone." The operation's lineage also lists "writes": [..., "cache:resolution", ...]
SVC-PLATFORM-PUBLICAPI-2	NO	other	gap	setApiLicensing writes cache:resolution, but the package itself says the cache key to evict or bump is not recorded, so this write cannot be built or tested.	service-PlatformService.json cache:resolution: "writtenBy": ["setApiLicensing","setApiQuota"], "gap": "The lineage names this store, not the key... so a writer here cannot yet be implemented from the package alone." operation-public-api_setApiLicensing.json lineage writes: ["cache:idempotency","cache:resolution","control.api_licence"]
SVC-PLATFORM-PUBLICAPI-3	NO	other	gap	Members arrive as emails, but identity.principal has no email column. The operation may only read principal, not write it, so there is no defined way to find an invited person or to create one who does not exist yet.	operation body: members[].email "string email"; table-identity.principal.json columns: id, username, display_name, is_active, ... (no email); lineage reads ["identity.principal"] but writes only ["cache:idempotency","control.developer_account","identity.delegated_access"]; screen-DEV-002.json primaryButton "Invite"
SVC-PLATFORM-PUBLICAPI-3	NO	permission	gap	Nothing says how a member's role (owner/admin/developer/readOnly) becomes an identity.delegated_access row. The roles have no role_id, no permission value for the NOT NULL `permission` column, no delegation_kind and no link from the grant back to the developer organisation, so the member list cannot be stored or read back.	operation body role enum ["owner","admin","developer","readOnly"]; table-identity.delegated_access.json: "permission text NOT NULL", "role_id uuid", delegation_kind CHECK IN ('primaryHolder','familyMember','groupLeader','attendee','corporateAdmin','corporateMember','carer'); no column references control.developer_account
SVC-PLATFORM-TENANT-2	guess	lineage	gap	terminateTenant must refuse a tenant with unsettled ledger balances, but its lineage names no ledger source, and the Done-when says it may read only the tables its spec lists, so the rule cannot be built without breaking that clause.	operation-subscription_terminateTenant.json description: "A tenant with unsettled ledger balances cannot be terminated"; 409 "Unsettled ledger balances exist"; lineage.reads: ["cache:idempotency","control.tenant","subscription.contract"] (source "path-inferred"); README Done-when: "reads and writes only the tables its spec lists"
SVC-REPORTING-REPORTING-2	guess	data-model	gap	The PUT body is the whole model (domains, datasets, fields, relationships), but the only table this operation may write has no column to store domains or relationships.	table-reporting.semantic_model.json DDL: "version integer, published_at timestamptz, scope_path ltree NOT NULL, id uuid PRIMARY KEY" (4 columns). operation SemanticModel has "x-ticvai-persistence": "reporting.semantic_model" and properties "domains", "relationships". The operation description says "The body is the whole model: a domain, dataset, field or relationship left out of it is not in the p
SVC-RETAIL-FLOOR-2	guess	lineage	contradiction	The operation must allocate stock and refuse with 409 insufficientStock, but its lineage lets it read and write only the reservation tables, with no stock source and no inventory write. The 'reads and writes only the tables its spec lists' acceptance and the 409 cannot both be met.	operation-retail_reserveMerchandise.json: description "The item is allocated but not sold"; 409 "Insufficient stock. `refusedReason` is `insufficientStock`"; lineage reads/writes only ["cache:idempotency","retail.reservation","retail.reservation_line"]. service-RetailService.json writesOutside lists inventory.movement for cancelMerchandiseReservation and collectMerchandiseReservation but not reser
SVC-TENANCY-ACCREDITATION-3	guess	lineage	gap	The contract says zoneId is checked against the holder's 'access profile schedule and any exception', but none of the tables in the lineage store a schedule or an exception, so the time-of-day zone check can't be built from the listed tables.	operation description: "`zoneId`, when given, answers whether this holder may enter that zone at this moment under their access profile schedule and any exception"; effectiveZones: "under their profiles and exceptions, today". access_profile DDL only has zone_ids, venue_ids, operational_areas, is_escort_required. holder_access only has access_profile_ids and effective_zones (no time dimension). li
SVC-TENANCY-APPROVALS-1	NO	data-model	gap	The delegation input has no table and no field mapping. Several of its fields (authority limits, user/role/position/region, delegationType) have no column in approvals.delegation. The contract also says authority limits belong in setApprovalMatrix, yet this operation's lineage does not write the matrix.	RolesAuthorityDelegationApprovalLimitsInput x-ticvai-persistence: "no existing table covers these fields — the closest is approvals.decision at 4% ... no new table has been decided"; description: "authority limits belong in setApprovalMatrix"; lineage writes only approvals.delegation, cache:idempotency; approvals.delegation columns: delegator_principal_id, delegate_principal_id, kinds, max_amount,
SVC-TENANCY-APPROVALS-1	NO	data-model	gap	The input schemas say outright that no table stores their fields, yet the lineage maps writes to approvals.matrix and approvals.rule. No field-to-column mapping exists, and most input fields have no column at all.	ApprovalMatrixMultiLevelApprovalConfigurationInput x-ticvai-persistence: "no existing table covers these fields — the closest is approvals.request at 3% ... no new table has been decided"; fields code, minimumApprovals, requiredApproverRole, rejectionBehavior, requestChanges, delegate, reassign, skipConditions, module, product, department, customerType, legalEntity have no column in approvals.matr
SVC-TENANCY-APPROVALS-1	NO	data-model	gap	The upsert key 'code' has no column on approvals.matrix or approvals.rule. The required matrix 'kind' (NOT NULL, with a CHECK list) cannot be supplied from the input. So the PUT cannot find or create a matrix row.	Input: "code": "Stable rule code the PUT upserts by" (required: code, approvalMode); table-approvals.matrix.json DDL: id, kind text NOT NULL CHECK(...), scope_level NOT NULL, scope_path, version, is_active — no code column
SVC-TENANCY-APPROVALS-1	NO	lineage	contradiction	Both operations are idempotent PUTs with a required body and lineage writes, but the contract says each one only serves a composite view and that another operation remains the operation of record for the write. So it is unclear whether these endpoints should write anything at all.	operation-approvals_approveMatrixMultiLevel.json description: "Overlaps `setApprovalMatrix`, which stays the operation of record for that write; this one serves the screen's composite view of it." vs lineage "writes": ["approvals.matrix","approvals.rule",...]; same pattern in approveRoleAuthorityDelegation ("Overlaps `createApprovalDelegation`, which stays the operation of record" vs writes approv
SVC-TENANCY-APPROVALS-1	NO	other	contradiction	The contract's approvalMode enum does not match the CHECK constraint on approvals.rule.mode. Most contract values would be rejected by the database.	Contract approvalMode enum: single, sequential, parallel, anyOne, allMustApprove, conditional, multiLevel; table-approvals.rule.json: "mode ... CHECK (mode IN ('sequential', 'parallel', 'consensus', 'majority'))"
SVC-TENANCY-DELEGATION-1	guess	lineage	gap	exceedsDelegatorAuthority needs to know what the delegator may approve (kinds and maxAmount limits), but the lineage does not list approvals.matrix or any other authority table, and Done-when says the operation may read only the tables its spec lists.	operation json 403: "`exceedsDelegatorAuthority` where `kinds` or `maxAmount` go beyond what the delegator may approve"; lineage.reads: ["approvals.delegation","cache:idempotency","identity.delegated_access","identity.principal"]; README Done when: "reads and writes only the tables its spec lists"
SVC-TENANCY-MATRIX-1	guess	other	gap	`unreachableRule` cannot be fully built or tested, because the matrix description treats it as decided while the `condition` column says the rule for comparing two conditions is still an open decision.	table-approvals.rule.json, condition: "No condition language is defined yet (pull audit R104, 26 September): the grammar, the attributes it may name and how two conditions are compared for `unreachableRule` are an open decision" vs operation-approvals_setApprovalMatrix.json 409: "`unreachableRule` — a rule can never match because an earlier one always does"; README Done when: "including every docu
SVC-TENANCY-REGION-1	guess	other	gap	The package itself says writers to cache:resolution cannot be implemented: it names the store but not which key is evicted or bumped, or whether child scopes are affected. Both operations in this ticket write that cache.	service-TenancyService.json, cache:resolution: "gap": "The lineage names this store, not the key... so a writer here cannot yet be implemented from the package alone." Its writtenBy list includes getRegionSettings and updateRegionSettings, and both operation lineages list writes ["cache:resolution"].
SVC-TENANCY-ROTA-2	NO	data-model	contradiction	The operation has to write an approvals.request row for the swap, but the table's kind CHECK constraint has no value for a shift swap, so any insert fails unless someone changes the migration.	table-approvals.request.json DDL: "kind text NOT NULL CONSTRAINT request_kind_chk CHECK (kind IN ('refund', 'priceOverride', ... 'productChange', 'pricingChange'))" (no shiftSwap). operation-workforce_requestShiftSwap.json lineage writes: "approvals.request"; description: "Routes through `approvals`"
SVC-TENANCY-TENANCY-3	guess	other	gap	The table cannot store more than one version of a profile, so getConfigurationProfile cannot return an older version by `version`.	operation-tenancy_getConfigurationProfile.json: "A workstation still running v2.3 must be able to say what v2.3 was ... `version` omitted returns the latest" and the schema says "the old one stays readable". But table-platform.configuration_profile.json DDL has `id uuid PRIMARY KEY` and `version integer NOT NULL`, primaryKey ["id"], keys [] and no history table. One row per profileId means old ver
SVC-TENANCY-TENANCY-4	guess	other	contradiction	The operation says a hostname is unique across all tenants, but the schema and the DDL make it unique only within one tenant, so two tenants can hold the same host and resolveTenantHost can match more than one row.	operation-tenancy_setTenantDomainMapping.json: "`hostname` is unique across every tenant: a host already routed to another tenant is refused `409` (`hostname-taken`)"; TenantDomain.hostname: "x-ticvai-unique": "tenant"; table-control.tenant_domain.json 910-indexes.sql:387: "CREATE UNIQUE INDEX ... tenant_domain_tenant_id_hostname_uniq ON control.tenant_domain (tenant_id, hostname)"
SVC-TENANCY-WORKSTATION-1	guess	untyped-body	gap	SaleBoard.pages is an untyped `array of object`, so nothing defines a page or a tile, but createSaleBoard writes platform.sale_board_page and platform.sale_board_tile and must reject tiles that reference an unknown or unsellable variant.	operation-tenancy_createSaleBoard.json: "pages": {"type": "array", "items": "object", "minItems": 1}; lineage writes ["platform.sale_board", "platform.sale_board_page", "platform.sale_board_tile"]; 400 "A tile references an unknown or unsellable variant"
SVC-VENUEOPS-ASSET-2	guess	lineage	contradiction	The contract says collectionIds replaces MediaCollectionMember rows, but the lineage does not list assets.media_collection_member as a write or assets.media_collection as a read. The Done-when rule says the operation may touch only the tables its spec lists, so the operation cannot both do what the contract says and pass Done-when.	operation-assets_updateMediaAsset.json description: "`collectionIds`, when sent, replaces the asset's collection memberships (`MediaCollectionMember` rows)"; lineage.writes: ["assets.media_asset","cache:idempotency"]; README Done when: "each reads and writes only the tables its spec lists"
SVC-VENUEOPS-CARD-1	guess	other	gap	Activating a pre-printed card can't be modelled: the card status enum has no state for a printed card that isn't active yet, but the 409 implies such cards already exist before activation.	operation-games_issueGameCard.json: title "Issue or activate a game card"; description "Physical cards are pre-printed and activated at sale"; 409 "Card already active, or the code is unknown"; GameCard.status enum ["active","blocked","expired","transferred"]
SVC-VENUEOPS-DEPARTURE-1	guess	lineage	contradiction	updateTransportDeparture must write the new capacity to catalogue.channel_capacity, but its lineage lists only transport.departure. That breaks the Done-when rule that it 'reads and writes only the tables its spec lists'. channel_capacity is also owned by Catalogue, and transport is not one of its foreign writers.	operation-transport_updateTransportDeparture.json description: "The new capacity is written to the performance's channel capacity." vs lineage "reads": ["transport.departure"], "writes": ["transport.departure"]; table-catalogue.channel_capacity.json: "foreignWriters": "orders, payments", "written by 3 contracts — catalogue, orders, payments"; service-VenueOpsService.json writesOutside rule: "ADR-0
SVC-VENUEOPS-ENTRY-2	guess	data-model	gap	overrideWaitingGuest must record the overriding principal and a required reason, but queue.entry has no column for either, and the lineage writes only queue.entry and the idempotency cache. The override audit has nowhere to be stored.	operation-queue_overrideWaitingGuest.json description: "Records the overriding principal and a mandatory reason." body requires `reason`; lineage writes ["cache:idempotency","queue.entry"]; table-queue.entry.json DDL has 22 columns and none of them is reason, overridden_by or outcome
SVC-VENUEOPS-ENTRY-2	guess	lineage	gap	Redeeming an entry with a Fast Pass must decrement the entitlement counter through Product & Entitlement and return entitlementRemaining. No operation or event for that call is named, and the lineage records no read or write outside queue.entry. That also conflicts with the done-when rule "reads and writes only the tables its spec lists".	operation-queue_redeemWaitingGuest.json description: "redemption decrements its counter through Product & Entitlement. The counter is not maintained here."; QueueRedemptionResult.entitlementRemaining; lineage reads/writes only cache:idempotency, queue.entry; service-VenueOpsService.json writesOutside/readsFrom list nothing for redeemWaitingGuest
SVC-VENUEOPS-FAVOURITE-1	NO	data-model	gap	transport.favourite_route has no column for the guest or subject, so the service cannot limit rows to the caller, enforce one favourite per guest per station pair, or count the 20-per-guest limit.	table-transport.favourite_route.json DDL columns: id, venue_id, from_station_id, to_station_id, from_station_name, to_station_name, label, created_at, with RLS only via platform.apply_venue_rls. The operations disagree: "selfScoped": "subject"; FavouriteRoute "Unique per guest, venue and ordered pair of stations"; listMyFavouriteRoutes "Scoped to the caller"; saveFavouriteRoute "At most 20 per gue
SVC-VENUEOPS-FEED-2	guess	lineage	gap	queue.reading.queue_id is NOT NULL, and RLS hangs off it, but the request carries no queue id. It can only come from looking up the feed in queue.feed, and the operation's lineage does not list queue.feed as a table it reads.	table-queue.reading.json DDL: "queue_id uuid NOT NULL", RLS "apply_parent_rls('queue.reading'::regclass, 'queue_id', 'queue.queue'...)", column note "Not exposed by the contract"; operation body only {feedId, readings}; QueueReading has no queueId; lineage "reads": ["cache:idempotency", "queue.reading"]
SVC-VENUEOPS-GENERAL-1	guess	other	gap	DepartureOffer needs values that depend on a boarding stop, an alighting stop and a party, but the operation's only input is departureId, so departsAt, arrivesAt, durationMinutes, fare, fitsParty and partyTotal cannot be worked out without guessing.	operation-transport_getTransportDeparture.json: parameters has only `departureId` (path). The schema says departsAt is "At the boarding stop.", arrivesAt is "At the alighting stop.", fare is "One adult, one way.", and fitsParty/partyTotal are listed. table-transport.fare_table.json: model is 'stopCount' or 'matrix', and fare_matrix_cell has from_station_id/to_station_id, so the fare depends on the
SVC-VENUEOPS-RESOURCES-1	guess	lineage	contradiction	createResourceHold must check the published map, existing bookings, blocks, setup/teardown, bookability and capacity, but its lineage lists only resources.resource_hold, and the Done-when says it may only touch the tables its spec lists.	operation-resources_createResourceHold.json description: "Only a resource placed on the published map may be held, and only while it is free for the whole window, setup and teardown included … not placed on the published map, or marked not bookable". lineage: "reads": ["resources.resource_hold"]. README Done when: "each reads and writes only the tables its spec lists"
SVC-VENUEOPS-RESOURCES-5	NO	other	gap	Nothing in resources.resource_requirement links a requirement row to a package, so the `components` the contract sends cannot be stored against the package or read back from it.	operation json: ResourcePackage.components = array of ResourceRequirement; lineage writes ["resources.resource_package","resources.resource_requirement"]. table-resources.resource_requirement.json DDL columns are id, resource_type_id, category_id, resource_id, quantity, is_mandatory, required_qualifications, required_attributes, substitute_resource_ids, scope_path; there is no package_id, "parent"
SVC-VENUEOPS-RESOURCES-7	NO	data-model	gap	suggestResources takes a resourceTypeId filter, but resources.resource (the only table it reads) has no resource_type_id column, only a fixed `kind` enum, so the filter cannot be applied from the listed tables.	operation-resources_suggestResources.json parameter {"name": "resourceTypeId", "in": "query"}, lineage "reads": ["resources.resource"]; table-resources.resource.json DDL has `kind text ... CHECK (kind IN ('cabana', ...))` and no resource_type_id
SVC-VENUEOPS-RESOURCES-7	NO	other	gap	ResourcePackage.components is an array of ResourceRequirement, but resources.resource_requirement has no package_id or any other column linking a requirement to a package, and resource_package declares no keys, so components[] cannot be filled.	operation-resources_listResourcePackages.json: "components": {"type": "array", "items": "ResourceRequirement"}; table-resources.resource_requirement.json DDL columns: id, resource_type_id, category_id, resource_id, quantity, is_mandatory, required_qualifications, required_attributes, substitute_resource_ids, scope_path (no package_id); table-resources.resource_package.json: "keys": [], "note": "Re
SVC-VENUEOPS-RIGHTS-1	guess	lineage	contradiction	isInUse and liveUsageCount must count only references from live, published content, but the lineage says the operation reads only assets.media_asset, and the done-when forbids reading any table the spec does not list. The only usage figure on media_asset is reference_count, which counts every reference, drafts included.	operation-assets_getExpiringRights.json: description "an asset counts as in use only while a published page, block, menu or other content that is live references it. A reference from a draft, an archived item or a collection does not count"; lineage "reads": ["assets.media_asset"], "source": "path-inferred"; table-assets.media_asset.json: reference_count "How many surfaces reference this asset" (d
SVC-VENUEOPS-ROUTE-1	guess	lineage	contradiction	createTransportRoute must also create a catalogue Event and a timedAdmission product, but its lineage lists writes only to transport tables, and the Done-when rule says it may write only the tables its spec lists.	operation-transport_createTransportRoute.json description: "Creating a route creates its catalogue side — a catalogue `Event` ... and one product of kind `timedAdmission` ... The catalogue ids come back on the route"; lineage.writes: ["transport.route", "transport.route_stop"]; service-VenueOpsService.json writesOutside has no CatalogueService entry for createTransportRoute; README Done when: "eac
SVC-VENUEOPS-ROUTE-2	guess	lineage	contradiction	Two of setTransportRouteStatus's refusal rules need data from tables its lineage does not let it read: the fare table, and departures with sold seats. The Done-when limits each operation to the tables its spec lists, so either the 409s go unbuilt or the table rule is broken.	operation-transport_setTransportRouteStatus.json description: "`draft` → `active` needs a fare table … **Retiring is refused while a departure on sale has sold seats**"; 409 types "route-has-no-fare-table", "route-has-sold-departures"; lineage "reads": ["transport.route","transport.route_stop","transport.station"]. README Done when: "each reads and writes only the tables its spec lists". service-V
SVC-VENUEOPS-ROUTE-2	guess	lineage	contradiction	updateTransportRoute must refuse a stops change while a published timetable covers a future date, but its lineage does not list transport.timetable as a read. Under the Done-when table rule, the 409 cannot be built.	operation-transport_updateTransportRoute.json: "Stops can change only while no published timetable covers a future date … the refusal is a 409" (route-has-published-timetable); lineage "reads": ["transport.route","transport.route_stop","transport.station"]; transport.timetable appears only in service-VenueOpsService.json tableDetail.
SVC-VENUEOPS-VENUEMAP-2	guess	lineage	contradiction	publishVenueMap says it creates a VenueMapVersion snapshot and copies placed resources into it, but its lineage never writes venuemap.map_version and never reads venuemap.placed_resource, so 'reads and writes only the tables its spec lists' cannot be met.	operation-venue-map_publishVenueMap.json description: "copied into a new `VenueMapVersion` snapshot"; "Publishing copies placed resources into the snapshot"; lineage writes: ["cache:idempotency","cache:resolution","venuemap.map"], reads has no venuemap.map_version / venuemap.placed_resource; README Done when: "each reads and writes only the tables its spec lists"
SVC-VENUEOPS-VENUEMAP-2	guess	lineage	gap	publishVenueMap writes cache:resolution, but the service file says no lineage records which key a writer evicts, so this write cannot be built from the package alone.	service-VenueOpsService.json cache:resolution: writtenBy includes "publishVenueMap"; gap: "Which resolution entry each writer below evicts or bumps ... is not recorded for any operation, so a writer here cannot yet be implemented from the package alone."
SVC-WALLET-CARD-1	NO	lineage	contradiction	The lineage gives a write set of only cache:idempotency and games.card, but the contract requires writes to wallet.balance, wallet.wallet_transaction and a finance ledger row. So the Done-when rule 'reads and writes only the tables its spec lists' cannot be met and cannot be tested.	operation-wallet_loadGameCredits.json lineage.writes: ["cache:idempotency","games.card"]; x-ticvai-note: "the `wallet.balance` row is locked for one guarded statement and every movement is a `wallet.wallet_transaction` ... written in the same transaction"; description: "**Posts a `gameCreditLoaded` ledger entry** (decided 28 September, audit R191)"
SVC-WALLET-CARD-1	NO	lineage	gap	The response is a Wallet that the spec says is persisted from wallet.wallet + wallet.credit_lot. But the lineage only reads those tables, and nothing says whether a load creates a credit lot or which source_kind it would use; the enum has no game-card load value.	Wallet schema x-ticvai-persistence: "wallet.wallet + wallet.credit_lot"; credits: "One entry per `active` lot in `wallet.credit_lot`"; lineage reads wallet.credit_lot/wallet.wallet but writes neither; table-wallet.credit_lot.json source_kind CHECK IN ('topUp','refund','promotion','giftCard','membershipBenefit','loyaltyConversion','transfer','adjustment')
SVC-WALLET-CARD-1	NO	other	gap	Nothing defines how a card code resolves to a wallet. games.card has no wallet_id and its subject_id is nullable, so for an anonymous card it is undefined which Wallet (which requires subjectId) gets loaded and returned.	table-games.card.json DDL: "subject_id uuid," (nullable, no wallet column); operation responses 200 schema "Wallet" with required ["subjectId","balance","currency","status"]
SVC-WALLET-WALLET-3	guess	lineage	contradiction	The contract's note says top-up locks wallet.balance and writes wallet.wallet_transaction. The lineage lists neither table, so the 'reads and writes only the tables its spec lists' check can't be passed either way.	operation-wallet_topUpWallet.json x-ticvai-note: "the `wallet.balance` row is locked for one guarded statement and every movement is a `wallet.wallet_transaction` ... written in the same transaction" vs lineage writes: ["cache:idempotency","platform.outbox","wallet.wallet"]; README Done when: "reads and writes only the tables its spec lists"
SVC-WALLET-WALLET-6	NO	data-model	gap	wallet.integration_mapping has no columns for fieldMappings, currencyMappings, statusMappings or creditTypeMappings, so most of what the PUT replaces can't be stored.	table-wallet.integration_mapping.json DDL has only api_client_id, date_time_format, time_zone, scope_path, id; the WalletIntegrationMapping schema has fieldMappings/currencyMappings/statusMappings/creditTypeMappings arrays
SVC-WALLET-WALLET-6	NO	data-model	gap	wallet.risk_rules has only an id and a scope_path, so it has no column for rules, ruleCode, per-rule status, until or reason, and setWalletRiskRuleStatus has nowhere to look up or store a rule's status.	table-wallet.risk_rules.json DDL: "CREATE TABLE IF NOT EXISTS wallet.risk_rules (scope_path ltree NOT NULL, id uuid PRIMARY KEY NOT NULL)"; operation path "/wallet-risk-rules/{ruleCode}/status", body status/reason/until
SVC-WALLET-WALLET-6	NO	untyped-body	gap	The WalletRiskRules schema types its rules as an untyped `object` array. Nothing defines a rule's code, status, until or reason fields, so the 200 response shape and the 404 on an unknown ruleCode can't be implemented or tested.	operation-wallet_setWalletRiskRuleStatus.json WalletRiskRules: "rules": {"type": "array", "items": "object"}
SVC-WHITELABEL-BRANDING-1	guess	other	gap	setBookingFlowConfig is listed as a writer of cache:resolution, but the package does not say which resolution key or scope it must evict or bump. The service file says writers to this cache cannot be built from the package alone.	service-WhiteLabelService.json cache:resolution: writtenBy includes "setBookingFlowConfig"; gap: "Which resolution entry each writer below evicts or bumps ... is not recorded for any operation, so a writer here cannot yet be implemented from the package alone." operation-white-label_setBookingFlowConfig.json lineage writes: "cache:resolution"
SVC-WHITELABEL-HOMEPAGE-1	NO	data-model	contradiction	The homepage_section table has no columns for a section: no kind, sort order, visibility, maxItems or scrollAnimation. Layout-level fields (template_key, landing_source) sit on each row, and HomepageLayout.id is a single id where the table has one row per section. The layout cannot be persisted or read back from this DDL.	table-whitelabel.homepage_section.json DDL: "template_key text, landing_source text ..., id uuid PRIMARY KEY, content_page_id uuid, homepage_section_id uuid NOT NULL". The description says "A block on a tenant homepage, **ordered**" and the table is "derivedFrom": "white-label.HomepageLayout.sections[]", yet there is no order column. homepage_section_id is a NOT NULL self-reference with no declare
SVC-WHITELABEL-HOMEPAGE-1	NO	other	gap	The section shape is not defined, so nothing in setHomepageLayout's body can be validated or stored: the section kind, order, visibility, maxItems, scrollAnimation and content block reference all have no schema.	operation-white-label_setHomepageLayout.json, HomepageLayout: "sections": {"type": "array", "items": "object"}. Yet screen-CMS-007.json formSetHomepageLayout says "Per section: `maxItems` (the venue's choice) and `scrollAnimation` (rise, scale, slide, blur, none)", and the notes refer to the mapping "on `HomepageSectionKind`", a schema that is not in the bundle.
SVC-WHITELABEL-MODULES-1	guess	data-model	gap	isLicensed cannot be worked out from the listed tables: subscription.plan's DDL has no column naming the modules a plan includes, and nothing says how the contract, plan and add-on rows combine (for example the add-on's valid_from/valid_to, or contract status values like pastDue or trial).	operation-white-label_getModuleEnablement.json: isLicensed is "From the tenant's subscription"; lineage reads control.licence_add_on, subscription.contract, subscription.plan, with source "hand-mapped". table-subscription.plan.json: the CREATE TABLE has code, name, cell_tier, base_price, request_limits ... but no modules column, although the table description says "the modules, the limits, the pri
SVC-WHITELABEL-MODULES-1	guess	other	gap	The package does not say which resolution-cache key setFeatureToggles evicts or bumps, or which keys getFeatureToggles and getModuleEnablement fill, and it states itself that a writer cannot be built from the package alone.	service-WhiteLabelService.json, cache:resolution: "Which resolution entry each writer below evicts or bumps ... is not recorded for any operation, so a writer here cannot yet be implemented from the package alone." setFeatureToggles, getFeatureToggles and getModuleEnablement are all listed in its writtenBy.
SVC-WHITELABEL-NAVIGATION-1	NO	data-model	broken-file	whitelabel.navigation_item has no column for the navigation items (label, icon, target, visible, order), no scope column, and a NOT NULL self-pointer, so getNavigation cannot return `items` and no first row can be inserted.	table-whitelabel.navigation_item.json: DDL is only `id`, `kind`, `buy_button`, `navigation_item_id uuid NOT NULL` with description "Points at whitelabel.navigation_item" and "foreignKeys": []. It also says `derivedFrom: white-label.NavigationConfig.items[]`, yet the columns are config-level (kind, buyButton). NavigationConfig requires ["kind","items"] with items maxItems 12. The RLS line reads "--
SVC-WHITELABEL-NAVIGATION-1	NO	other	gap	The deep-link URL patterns are never defined, but the operations promise patterns that stay stable across releases. Neither DeepLinkScheme.patterns nor the URL buildDeepLink returns can be built or contract-tested.	operation-white-label_getDeepLinkScheme.json: `patterns: {type: array, items: "object"}` and the description says "The URL patterns per target kind (a product, an event, a content page, an app section, the booking flow)... The patterns are stable: a link a tenant printed keeps working across releases." operation-white-label_buildDeepLink.json only gives `url: string`, `appLink` "universal or app l
SVC-WHITELABEL-NAVIGATION-2	NO	data-model	broken-file	The navigation_item table has no columns for an item's label, icon, target, visible flag or order, so the items this operation saves cannot be stored. Its only columns are id, kind, buy_button and a NOT NULL navigation_item_id that points back at the same table with no declared FK.	table-whitelabel.navigation_item.json: derivedFrom "white-label.NavigationConfig.items[]" but DDL is "id uuid PRIMARY KEY, kind text ..., buy_button jsonb, navigation_item_id uuid NOT NULL"; "foreignKeys": []; note "a foreign key that was never declared — this is where an undeclared key hides"
SVC-WHITELABEL-NAVIGATION-2	NO	other	gap	setNavigation writes cache:resolution, but the package itself says which key a writer evicts is not recorded and that such a writer cannot be implemented from the package.	service-WhiteLabelService.json cache:resolution writtenBy includes "setNavigation"; gap: "Which resolution entry each writer below evicts or bumps ... is not recorded for any operation, so a writer here cannot yet be implemented from the package alone."
SVC-WHITELABEL-OVERVIEW-2	guess	untyped-body	gap	The batch is said to be a closed shape that refuses URLs, free text and unhashed ids with 400, but `interactions` items and `automationHints` are untyped objects, so that 400 cannot be built or contract-tested.	operation-white-label_recordStorefrontSessionEvents.json: WhiteLabelStorefrontSessionBatch "**Closed shape** (`additionalProperties: false`): hashes, route families, product ids and counts only" but `"interactions": {"type":"array","items":"object"...}`, `"automationHints": "object"`; 400 is "A field outside the batch shape (a URL with a query, free text, an unhashed id)"
SVC-WHITELABEL-PUBLISHING-3	NO	other	gap	restoreConfigVersion writes cache:resolution, but the package says which resolution key a writer evicts is not recorded and the writer cannot be implemented from the package.	service-WhiteLabelService.json cache:resolution writtenBy includes "restoreConfigVersion"; gap: "Which resolution entry each writer below evicts or bumps … is not recorded for any operation, so a writer here cannot yet be implemented from the package alone."
SVC-WHITELABEL-THEME-1	guess	other	gap	setTheme writes cache:resolution and getTheme reads and fills it, but the package does not say which key to use or what to evict. The service file itself says a writer to this cache cannot be built from the package alone.	service-WhiteLabelService.json cache:resolution.gap: "The lineage names this store, not the key… is not recorded for any operation, so a writer here cannot yet be implemented from the package alone." writtenBy includes getTheme and setTheme; operation-white-label_setTheme.json lineage.writes includes "cache:resolution"
SVC-WHITELABEL-WHITE-LABEL-1	guess	data-model	contradiction	The claim must refuse a hostname that another tenant already holds, but the only table is tenant-RLS'd, sits in the per-cell tenant database and has no unique index on hostname, so the cross-tenant check cannot be made 'under row-level security' as Done-when requires.	operation-white-label_claimCustomDomain.json: "Refused where another tenant already holds it"; 409 "Already claimed". table-whitelabel.custom_domain.json: database "tenant", RLS "platform.apply_tenant_rls('whitelabel.custom_domain')", the only index is "custom_domain_tenant_id_idx ON whitelabel.custom_domain (tenant_id)". README Done-when: "each reads and writes only the tables its spec lists, und
SVC-WHITELABEL-WHITELABEL-1	guess	other	gap	publishContentBlock and setFooter both write cache:resolution, but the package says which key they evict is not recorded and the writer cannot be built from the package.	service-WhiteLabelService.json cache:resolution writtenBy includes publishContentBlock, setFooter; gap: "Which resolution entry each writer below evicts or bumps … is not recorded for any operation, so a writer here cannot yet be implemented from the package alone."
VM-CATALOGUE-EVENT-1	guess	lineage	contradiction	cancelPerformance must return affectedOrders, affectedGuests, refundExposure and notificationsQueued, but its lineage only lists catalogue.performance and cache:idempotency, and the Done-when says to read only the listed tables. There is no allowed source for order or holder exposure.	operation-catalogue_cancelPerformance.json: lineage.reads ["cache:idempotency","catalogue.performance"]; PerformanceCancellationResult required ["performanceId","dryRun","affectedOrders","refundExposure"], x-ticvai-persistence "none — computed"; README: "each reads and writes only the tables its spec lists"
VM-CATALOGUE-PRODUCT-1	guess	lineage	contradiction	The archive rule needs a read of entitlements, and recomputing isSellable needs a read of published bundles. Neither is in the operation's read lineage, yet the done-when says the operation reads only the tables its spec lists.	description: "Archiving is refused while entitlements remain unexpired."; isSellable: "True only when live **and** carried by a published bundle... It changes when `transitionProductLifecycle` moves the product"; lineage.reads: ["cache:idempotency","catalogue.product","catalogue.product_media"]; README: "each reads and writes only the tables its spec lists"
VM-FNB-ORDER-1	guess	lineage	contradiction	The operation adds and removes order lines, but its lineage lists only fnb.service_order as a written table. The Done-when says it may write only the tables its spec lists, so following the spec makes the core function impossible.	operation-fnb_amendFnbOrder.json lineage "writes": ["cache:idempotency", "fnb.service_order"] vs body {addLines, removeLineIds}; README Done when: "each reads and writes only the tables its spec lists"; table-fnb.service_order_line.json "Reached by: ... 2 write it"
VM-FNB-SERVICE-1	guess	lineage	contradiction	The operation has to create the kitchen ticket, but its lineage lists fnb.kitchen_ticket and fnb.kitchen_ticket_line only as reads, so the acceptance test 'reads and writes only the tables its spec lists' can't pass.	operation-fnb_acceptFnbOrder.json: description 'the kitchen ticket is only created on acceptance'; 200 'Accepted. The kitchen ticket now exists'; lineage.writes = [cache:idempotency, fnb.service_order, platform.outbox]. README Done when: 'reads and writes only the tables its spec lists'
VM-INVENTORY-STOCK-1	NO	data-model	gap	Both stock operations read inventory.stock_level, but that table is not stored: it has no DDL, no migration, and only a made-up id plus item_id. It has no location_id and no quantity, so on-hand by item and location cannot come from it.	table-inventory.stock_level.json: "store": "derived", "migration": null, "ddl": null, columns only `id` ("Synthesised key... derived from a response shape, and a response is not a table") and `item_id`; operation getStockPositions lineage reads ["inventory.item","inventory.location","inventory.stock_level"]
VM-INVENTORY-STOCK-1	NO	lineage	contradiction	Every file says stock is derived from movements, but inventory.movement is not in either operation's lineage and is not linked. Meanwhile the Done-when says each operation reads 'only the tables its spec lists', so building the derivation would break acceptance.	StockPosition "x-ticvai-persistence": "none — derived from movements"; service: "`inventory.stock_level` is derived from movements"; README Done when: "each reads and writes only the tables its spec lists"; lineage reads omit inventory.movement
VM-LEDGER-FINANCE-1	guess	lineage	contradiction	Every ledger.posting row needs a ledger.journal_entry, but settleDeposit's lineage does not list ledger.journal_entry, and the Done-when says the operation writes only the tables its spec lists.	table-ledger.posting.json DDL: "journal_entry_id uuid NOT NULL" + FK posting_journal_entry_id_fkey -> ledger.journal_entry; operation-finance_settleDeposit.json lineage.writes: ["cache:idempotency","ledger.deposit","ledger.posting"]; README Done when: "each reads and writes only the tables its spec lists"
VM-LEDGER-FISCAL-1	NO	other	gap	The close checks this operation must run are never listed, so I can't implement or test what decides pass, fail or 409.	operation-finance_closeFiscalPeriod.json: PeriodCloseResult.checks is `{"type":"array","items":"object"}`; the 409 says 'The checks are exactly the values of `PeriodCloseResult.checks[].check`', but no values are given anywhere. PeriodCloseProblem.failedChecks is also `items: object`, and walletChecks/walletRollForward are plain `object`.
VM-LEDGER-LEDGER-1	guess	lineage	contradiction	Both close operations must record each step in ledger.fiscal_period_event, but their lineage lists that table only as read, and every other file says nothing writes it, so the 'writes only the tables its spec lists' acceptance cannot be met.	operation-finance_beginPeriodClose.json description: "records the step (who, when) in the period's `events`"; abandonPeriodClose: "The `reason`, who abandoned and when are kept in the period's `events`"; both lineages: "writes": ["cache:idempotency", "ledger.fiscal_period"]; table-ledger.fiscal_period_event.json: "5 operations read it and 0 write it"; service-LedgerService.json tableDetail ledger.
VM-VENUEOPS-ENTRY-1	guess	lineage	contradiction	The lineage for callNextParties never lists queue.entry, yet the operation has to move entries to 'called' and return their ids, so the done-when rule 'reads and writes only the tables its spec lists' cannot be met.	operation-queue_callNextParties.json lineage: "reads": ["cache:idempotency","queue.queue"], "writes": ["cache:idempotency","queue.queue"], "source": "path-inferred"; the 200 response returns "calledEntryIds"; WaitingGuest has calledAt/returnWindowEndsAt/status 'called' (x-ticvai-persistence queue.entry); README Done when: "each reads and writes only the tables its spec lists"
VM-VENUEOPS-GAME-1	guess	lineage	contradiction	cloneGame is meant to copy pricing, operational settings and reader configurations, but its lineage lists only games.game, while the Done-when limits each operation to the tables its spec lists.	operation-games_cloneGame.json description: "not by re-entering credit cost, payout range, operational settings and pricing"; body "includePricing" default true, "includeReaders"; lineage "reads": ["games.game"], "writes": ["games.game"]. Meanwhile service-VenueOpsService.json lists games.pricing and games.operational_config (parent games.game) and games.reader_deployment as separate tables. READM
VM-VENUEOPS-GAME-1	guess	lineage	contradiction	updateGame has to refuse price or payout changes while plays are in flight, but its lineage reads only games.game, so no listed table tells you whether a play is in flight.	operation-games_updateGame.json description: "Changing credit cost or payout mid-session is refused where plays are in flight"; 409 "changed while plays on this game are in flight"; lineage "reads": ["cache:idempotency", "games.game"]. games.play and games.authorisation, listed in service-VenueOpsService.json, are absent. Also "in flight" is never defined.
VM-VENUEOPS-INCIDENT-2	guess	lineage	contradiction	The operation must append a history row for every note, status change and escalation, but its lineage lists only maintenance.incident and the idempotency cache. The ticket's done-when says it may write only the tables its spec lists, so the append-only history cannot be built without breaking acceptance.	operation-maintenance_updateIncident.json description: "each status change and each escalation appends a row to `IncidentDetail.investigationNotes` ... nothing is overwritten" and "Each `investigationNote` sent appends one row"; lineage: "writes": ["cache:idempotency", "maintenance.incident"]; service-VenueOpsService.json: "maintenance.incident_investigation_note" ... "writtenBy": []; README Done 
