from_table,from_column,to_table,edge_kind,how,cross_schema,required
access.access_area,offline_policy_id,access.offline_policy,reference,convention,,
access.access_area,parent_area_id,access.access_area,reference,convention,,
access.access_area,venue_id,platform.scope,reference,precedent,yes,
access.access_area,via setAccessAreaZone,access.configuration_change,ambient,lineage,,
access.access_attribute,via setAccessAttributeCatalog,access.configuration_change,ambient,lineage,,
access.access_change,changed_by_principal_id,identity.principal,reference,convention,yes,
access.access_change,new_access_id,access.attraction_access,reference,convention,,
access.access_change,old_access_id,access.attraction_access,reference,convention,,
access.access_change,order_id,orders.sales_order,reference,declared,yes,
access.access_change,upgrade_id,orders.upgrade,reference,convention,yes,
access.access_change,via replaceCredential,access.credential_binding,ambient,lineage,,
access.access_change,via replaceCredential,access.credential_event,ambient,lineage,,
access.access_change,via replaceCredential,access.entitlement,ambient,lineage,,
access.access_device,access_area_id,access.access_area,reference,convention,,
access.access_device,access_point_id,access.access_point,reference,convention,,
access.access_device,device_group_id,access.group_admission_rule,reference,convention,,
access.access_device,gate_lane_id,access.gate_lane,reference,convention,,
access.access_device,hardware_model_id,access.hardware_model,reference,convention,,
access.access_device,venue_id,platform.scope,reference,precedent,yes,
access.access_device,via registerAccessDevice,access.configuration_change,ambient,lineage,,
access.access_device,via setBleBeaconGeofence,access.access_point,ambient,lineage,,
access.access_device,via setBleBeaconGeofence,access.configuration_change,ambient,lineage,,
access.access_device,via updateAccessDevice,access.configuration_change,ambient,lineage,,
access.access_incident,created_by_principal_id,identity.principal,reference,convention,yes,
access.access_incident,ticket_id,access.ticket_status_transition,reference,convention,,
access.access_incident,venue_id,platform.scope,reference,precedent,yes,
access.access_incident,via setTurnstileMode,access.access_point,ambient,lineage,,
access.access_incident,via setTurnstileMode,access.gate_mode_change,ambient,lineage,,
access.access_map,map_id,venuemap.map,reference,convention,yes,
access.access_map,venue_id,platform.scope,reference,precedent,yes,
access.access_map,via setAccessGraphicalMap,access.configuration_change,ambient,lineage,,
access.access_point,venue_id,platform.scope,reference,declared,yes,yes
access.access_point,via createAccessPoint,access.configuration_change,ambient,lineage,,
access.access_point,via setAccessPointGeofence,access.configuration_change,ambient,lineage,,
access.access_point,via updateAccessPoint,access.configuration_change,ambient,lineage,,
access.access_point_configuration,access_point_id,access.access_point,child,convention,,
access.access_point_configuration,venue_id,platform.scope,reference,precedent,yes,
access.access_point_configuration,via setReaderScannerPeripheral,access.configuration_change,ambient,lineage,,
access.access_point_configuration,via setTurnstileLaneBehavior,access.configuration_change,ambient,lineage,,
access.access_point_group,parent_group_id,access.group_admission_rule,reference,convention,,
access.access_point_group,venue_id,platform.scope,reference,precedent,yes,
access.access_point_group,via deleteAccessPointGroup,access.configuration_change,ambient,lineage,,
access.access_point_group,via setAccessPointGroup,access.configuration_change,ambient,lineage,,
access.admission_rules,via createAdmissionRules,access.configuration_change,ambient,lineage,,
access.admission_rules,via setVisualAccessRule,access.configuration_change,ambient,lineage,,
access.admission_rules,via setVisualAccessRule,access.entry_rule_point,ambient,lineage,,
access.admission_rules,via updateAdmissionRules,access.configuration_change,ambient,lineage,,
access.attraction_access,attraction_id,games.attraction_type,reference,convention,yes,
access.attraction_access,venue_id,platform.scope,reference,precedent,yes,
access.attraction_access,via setAttractionAccess,access.configuration_change,ambient,lineage,,
access.attraction_access,zone_id,seating.zone,reference,convention,yes,
access.biometric_audit_event,access_point_id,access.access_point,reference,convention,,
access.biometric_audit_event,biometric_profile_id,access.biometric_profile,reference,convention,,
access.biometric_audit_event,entitlement_id,access.entitlement,reference,convention,,
access.biometric_audit_event,gate_group_id,access.group_admission_rule,reference,convention,,
access.biometric_audit_event,operator_principal_id,identity.principal,reference,convention,yes,
access.biometric_audit_event,subject_id,pii.subject,reference,convention,yes,
access.biometric_audit_event,venue_id,platform.scope,reference,precedent,yes,
access.biometric_audit_event,via enrolFacePass,access.face_reenrolment_attempt,ambient,lineage,,
access.biometric_audit_event,via enrolFacePass,marketing.consent_record,ambient,lineage,yes,
access.biometric_audit_event,via enrolFacePass,pii.subject_biometric,ambient,lineage,yes,
access.biometric_audit_event,via reviewFaceReenrolment,access.face_reenrolment_attempt,ambient,lineage,,
access.biometric_audit_event,via reviewFaceReenrolment,access.security_alert,ambient,lineage,,
access.biometric_audit_event,via reviewFaceReenrolment,pii.subject_biometric,ambient,lineage,yes,
access.biometric_audit_event,via revokeFacePass,pii.subject_biometric,ambient,lineage,yes,
access.biometric_audit_event,via validateAccess,access.scan_event,ambient,lineage,,
access.biometric_audit_event,via validateAccess,platform.outbox,ambient,lineage,yes,
access.biometric_audit_event,via verifyIdentity,access.scan_event,ambient,lineage,,
access.biometric_profile,access_point_id,access.access_point,reference,convention,,
access.biometric_profile,attraction_id,access.attraction_access,reference,convention,,
access.biometric_profile,venue_id,platform.scope,reference,precedent,yes,
access.biometric_profile,via setBiometricVerificationProfile,access.configuration_change,ambient,lineage,,
access.biometric_profile,via setFaceMatchingVerification,access.configuration_change,ambient,lineage,,
access.biometric_profile,via setFacePassEnrollment,access.configuration_change,ambient,lineage,,
access.biometric_profile,via setFaceTagTemporaryEnrollment,access.configuration_change,ambient,lineage,,
access.biometric_profile,zone_id,seating.zone,reference,convention,yes,
access.blacklist,added_by_principal_id,identity.principal,reference,declared,yes,yes
access.branding_profile,approval_request_id,approvals.request,reference,convention,yes,
access.branding_profile,parent_scope_id,platform.scope,reference,convention,yes,
access.branding_profile,reviewer_principal_id,identity.principal,reference,convention,yes,
access.branding_profile,scope_id,platform.scope,reference,convention,yes,
access.branding_profile,via setBrandingLocalizationTemplate,access.configuration_change,ambient,lineage,,
access.companion_rule,venue_id,platform.scope,reference,precedent,yes,
access.companion_rule,via setGuestCompanionEligibility,access.configuration_change,ambient,lineage,,
access.configuration_change,changed_by_principal_id,identity.principal,reference,convention,yes,
access.configuration_change,configuration_version_id,access.configuration_version,reference,convention,,
access.configuration_change,venue_id,platform.scope,reference,precedent,yes,
access.configuration_change,via approveMultiMediaPreview,access.media_template,ambient,lineage,,
access.configuration_change,via approveMultiMediaPreview,access.media_template_version,ambient,lineage,,
access.configuration_change,via archiveMediaTemplate,access.media_template,ambient,lineage,,
access.configuration_change,via deleteJourneySequenceRule,access.journey_sequence_rule,ambient,lineage,,
access.configuration_change,via deleteMediaBindingRule,access.media_binding_rule,ambient,lineage,,
access.configuration_change,via deleteOperatingCalendarEntry,access.operating_calendar_entry,ambient,lineage,,
access.configuration_change,via deletePodium,access.podium,ambient,lineage,,
access.configuration_change,via deleteReasonCode,access.reason_code,ambient,lineage,,
access.configuration_change,via publishRuleConflictCheck,access.configuration_version,ambient,lineage,,
access.configuration_change,via publishTopologyValidation,access.configuration_version,ambient,lineage,,
access.configuration_change,via publishTopologyValidation,access.hardware_deployment,ambient,lineage,,
access.configuration_change,via rollbackAccessPolicy,access.dynamic_policy,ambient,lineage,,
access.configuration_change,via rollbackAccessPolicy,access.dynamic_policy_version,ambient,lineage,,
access.configuration_change,via rollbackConfigurationVersion,access.configuration_version,ambient,lineage,,
access.configuration_change,via setAppleWalletPass,access.media_template,ambient,lineage,,
access.configuration_change,via setContextTimeEvent,access.dynamic_policy,ambient,lineage,,
access.configuration_change,via setContextTimeEvent,access.dynamic_policy_version,ambient,lineage,,
access.configuration_change,via setCredentialActivationDisplay,access.credential_policy,ambient,lineage,,
access.configuration_change,via setCredentialEventPropagationRule,access.credential_event_propagation_rule,ambient,lineage,,
access.configuration_change,via setCredentialIssuanceRetryPolicy,access.credential_issuance_retry_policy,ambient,lineage,,
access.configuration_change,via setDeviceBindingPolicy,access.credential_policy,ambient,lineage,,
access.configuration_change,via setDeviceSoftwareContent,access.device_configuration,ambient,lineage,,
access.configuration_change,via setDigitalBarcodeTicket,access.media_template,ambient,lineage,,
access.configuration_change,via setDigitalCardMembership,access.media_template,ambient,lineage,,
access.configuration_change,via setDynamicFieldData,access.dynamic_field,ambient,lineage,,
access.configuration_change,via setDynamicSecurityProfile,access.credential_security_profile,ambient,lineage,,
access.configuration_change,via setEdgeNodeLocal,access.edge_node,ambient,lineage,,
access.configuration_change,via setEmbeddedEntitlementPayload,access.credential_security_profile,ambient,lineage,,
access.configuration_change,via setEntitlementConsumption,access.consumption_rule,ambient,lineage,,
access.configuration_change,via setEntryRulePoints,access.entry_rule_point,ambient,lineage,,
access.configuration_change,via setFastPassProfile,access.fast_pass_profile,ambient,lineage,,
access.configuration_change,via setFraudDetectionRule,access.fraud_rule,ambient,lineage,,
access.configuration_change,via setGateLane,access.gate_lane,ambient,lineage,,
access.configuration_change,via setGateModePolicy,access.gate_mode_policy,ambient,lineage,,
access.configuration_change,via setGateOfflinePolicy,access.offline_policy,ambient,lineage,,
access.configuration_change,via setGoogleWalletPass,access.media_template,ambient,lineage,,
access.configuration_change,via setGroupAdmissionProfile,access.group_admission_rule,ambient,lineage,,
access.configuration_change,via setHandheldMobileAccess,access.device_configuration,ambient,lineage,,
access.configuration_change,via setHardwareModel,access.hardware_model,ambient,lineage,,
access.configuration_change,via setHotelWalletExternal,access.external_credential_integration,ambient,lineage,,
access.configuration_change,via setJourneyProfile,access.journey_profile,ambient,lineage,,
access.configuration_change,via setJourneySequenceRule,access.journey_sequence_rule,ambient,lineage,,
access.configuration_change,via setMediaBindingRule,access.media_binding_rule,ambient,lineage,,
access.configuration_change,via setMediaIssuanceEncoding,access.media_encoding_profile,ambient,lineage,,
access.configuration_change,via setMediaReplacementRevocation,access.media_replacement_policy,ambient,lineage,,
access.configuration_change,via setMediaTypeTechnology,access.media_type,ambient,lineage,,
access.configuration_change,via setOperatingCalendarEntry,access.operating_calendar_entry,ambient,lineage,,
access.configuration_change,via setParkingFacility,access.parking_facility,ambient,lineage,,
access.configuration_change,via setPdfPrintablePos,access.media_template,ambient,lineage,,
access.configuration_change,via setPodium,access.podium,ambient,lineage,,
access.configuration_change,via setPolicyEvaluationSetting,access.policy_evaluation_setting,ambient,lineage,,
access.configuration_change,via setPolicyScopeHierarchy,access.policy_scope_assignment,ambient,lineage,,
access.configuration_change,via setRealTimeSecurity,access.security_playbook,ambient,lineage,,
access.configuration_change,via setReasonCode,access.reason_code,ambient,lineage,,
access.configuration_change,via setRelationshipFraudRule,access.fraud_rule,ambient,lineage,,
access.configuration_change,via setRfidNfc,access.media_encoding_profile,ambient,lineage,,
access.configuration_change,via setRfidNfcCard,access.media_template,ambient,lineage,,
access.configuration_change,via setRiskScoringConfig,access.risk_scoring_config,ambient,lineage,,
access.configuration_change,via setTicketStatusTransition,access.ticket_status_transition,ambient,lineage,,
access.configuration_change,via setValidationOutcomeGuest,access.gate_outcome_profile,ambient,lineage,,
access.configuration_change,via setVerificationMethodPolicy,access.verification_method_policy,ambient,lineage,,
access.configuration_change,via setVirtualTicketIdentity,access.credential_policy,ambient,lineage,,
access.configuration_change,via setVisualDynamicPolicy,access.dynamic_policy,ambient,lineage,,
access.configuration_change,via setVisualDynamicPolicy,access.dynamic_policy_version,ambient,lineage,,
access.configuration_version,approval_request_id,approvals.request,reference,convention,yes,
access.configuration_version,created_by_principal_id,identity.principal,reference,convention,yes,
access.configuration_version,previous_version_id,access.configuration_version,reference,convention,,
access.configuration_version,venue_id,platform.scope,reference,precedent,yes,
access.credential_binding,credential_security_profile_id,access.credential_security_profile,reference,convention,,
access.credential_binding,entitlement_id,access.entitlement,reference,convention,,
access.credential_binding,media_type_id,access.media_type,reference,convention,,
access.credential_binding,venue_id,platform.scope,reference,precedent,yes,
access.credential_binding,via setMediaBindingActivation,access.credential_event,ambient,lineage,,
access.credential_delivery,credential_binding_id,access.credential_binding,reference,convention,,
access.credential_delivery,entitlement_id,access.entitlement,reference,convention,,
access.credential_delivery,requested_by_principal_id,identity.principal,reference,convention,yes,
access.credential_delivery,venue_id,platform.scope,reference,precedent,yes,
access.credential_delivery,via deliverCredential,access.credential_event,ambient,lineage,,
access.credential_event,access_point_id,access.access_point,reference,convention,,
access.credential_event,actor_principal_id,identity.principal,reference,convention,yes,
access.credential_event,approval_request_id,approvals.request,reference,convention,yes,
access.credential_event,credential_binding_id,access.credential_binding,reference,convention,,
access.credential_event,entitlement_id,access.entitlement,reference,convention,,
access.credential_event,from_media_type_id,access.media_type,reference,convention,,
access.credential_event,media_type_id,access.media_type,reference,convention,,
access.credential_event,to_media_type_id,access.media_type,reference,convention,,
access.credential_event,venue_id,platform.scope,reference,precedent,yes,
access.credential_event,via releaseCredentialDevice,access.device_binding,ambient,lineage,,
access.credential_exception,credential_binding_id,access.credential_binding,reference,convention,,
access.credential_exception,credential_delivery_id,access.credential_delivery,reference,convention,,
access.credential_exception,credential_issuance_id,access.credential_issuance,reference,convention,,
access.credential_exception,entitlement_id,access.entitlement,reference,convention,,
access.credential_exception,media_type_id,access.media_type,reference,convention,,
access.credential_exception,owner_principal_id,identity.principal,reference,convention,yes,
access.credential_exception,venue_id,platform.scope,reference,precedent,yes,
access.credential_issuance,credential_binding_id,access.credential_binding,reference,convention,,
access.credential_issuance,entitlement_id,access.entitlement,reference,convention,,
access.credential_issuance,media_template_id,access.media_template,reference,convention,,
access.credential_issuance,media_template_version_id,access.media_template_version,reference,convention,,
access.credential_issuance,media_type_id,access.media_type,reference,convention,,
access.credential_issuance,requested_by_principal_id,identity.principal,reference,convention,yes,
access.credential_issuance,venue_id,platform.scope,reference,precedent,yes,
access.credential_issuance_retry_policy,venue_id,platform.scope,reference,precedent,yes,
access.credential_policy,venue_id,platform.scope,reference,precedent,yes,
access.credential_security_profile,venue_id,platform.scope,reference,precedent,yes,
access.credential_sharing_case,entitlement_id,access.entitlement,reference,convention,,
access.credential_sharing_case,venue_id,platform.scope,reference,precedent,yes,
access.device_binding,credential_binding_id,access.credential_binding,reference,convention,,
access.device_binding,entitlement_id,access.entitlement,reference,convention,,
access.device_binding,subject_id,pii.subject,reference,convention,yes,
access.device_configuration,access_area_id,access.access_area,reference,convention,,
access.device_configuration,device_group_id,access.group_admission_rule,reference,convention,,
access.device_configuration,edge_package_id,access.edge_package,reference,convention,,
access.device_configuration,venue_id,platform.scope,reference,precedent,yes,
access.dynamic_policy,venue_id,platform.scope,reference,precedent,yes,
access.dynamic_policy_version,created_by_principal_id,identity.principal,reference,convention,yes,
access.dynamic_policy_version,dynamic_policy_id,access.dynamic_policy,child,convention,,
access.edge_node,device_group_id,access.group_admission_rule,reference,convention,,
access.edge_node,venue_id,platform.scope,reference,precedent,yes,
access.edge_package,venue_id,platform.scope,reference,precedent,yes,
access.entitlement,order_id,orders.sales_order,reference,declared,yes,yes
access.entitlement,order_line_id,orders.order_line,reference,convention,yes,
access.entitlement,product_id,catalogue.product,reference,declared,yes,yes
access.entitlement,subject_id,pii.subject,reference,convention,yes,
access.entitlement,supersedes_entitlement_id,access.entitlement,reference,convention,,
access.entitlement,template_id,access.media_template,reference,convention,,
access.entitlement,venue_id,platform.scope,reference,declared,yes,
access.entitlement,via appendEntitlementToMedia,orders.order_line,ambient,lineage,yes,
access.entitlement,via appendEntitlementToMedia,orders.payment,ambient,lineage,yes,
access.entitlement,via appendEntitlementToMedia,orders.sales_order,ambient,lineage,yes,
access.entitlement,via claimTicketTransfer,orders.ticket_transfer,ambient,lineage,yes,
access.entitlement,via createUpgradeCredentialRegeneration,orders.order_event,ambient,lineage,yes,
access.entitlement,via createUpgradeCredentialRegeneration,orders.upgrade,ambient,lineage,yes,
access.entitlement,via createUpgradeCredentialRegeneration,orders.wallet_pass,ambient,lineage,yes,
access.entitlement,via issueInvitation,orders.invitation,ambient,lineage,yes,
access.entitlement,via issueInvitation,orders.invitation_allowance,ambient,lineage,yes,
access.entitlement,via revokeEntitlementShare,identity.delegated_access,ambient,lineage,yes,
access.entitlement,via shareEntitlement,identity.delegated_access,ambient,lineage,yes,
access.entitlement,via transferOrderTickets,orders.ticket_transfer,ambient,lineage,yes,
access.entry_rule_point,access_point_id,access.access_point,reference,convention,,
access.entry_rule_point,admission_profile_id,access.admission_rules,reference,declared,,yes
access.external_credential_integration,venue_id,platform.scope,reference,precedent,yes,
access.face_reenrolment_attempt,entitlement_id,access.entitlement,reference,convention,,
access.face_reenrolment_attempt,operator_principal_id,identity.principal,reference,convention,yes,
access.face_reenrolment_attempt,reviewed_by_principal_id,identity.principal,reference,convention,yes,
access.face_reenrolment_attempt,subject_id,pii.subject,reference,convention,yes,
access.face_reenrolment_attempt,venue_id,platform.scope,reference,precedent,yes,
access.fast_pass_profile,venue_id,platform.scope,reference,precedent,yes,
access.gate_lane,access_point_id,access.access_point,reference,convention,,
access.gate_lane,venue_id,platform.scope,reference,precedent,yes,
access.gate_mode_change,access_point_id,access.access_point,reference,convention,,
access.gate_mode_change,changed_by_principal_id,identity.principal,reference,convention,yes,
access.gate_mode_change,venue_id,platform.scope,reference,precedent,yes,
access.gate_mode_policy,access_point_group_id,access.access_point_group,reference,convention,,
access.gate_mode_policy,venue_id,platform.scope,reference,precedent,yes,
access.gate_outcome_profile,venue_id,platform.scope,reference,precedent,yes,
access.group_admission_rule,venue_id,platform.scope,reference,precedent,yes,
access.hardware_deployment,device_group_id,access.group_admission_rule,reference,convention,,
access.hardware_deployment,requested_by_principal_id,identity.principal,reference,convention,yes,
access.hardware_deployment,venue_id,platform.scope,reference,precedent,yes,
access.identity_lock,locked_by_principal_id,identity.principal,reference,convention,yes,
access.identity_lock,released_by_principal_id,identity.principal,reference,convention,yes,
access.identity_lock,security_investigation_id,access.security_investigation,reference,convention,,
access.identity_lock,subject_id,pii.subject,reference,convention,yes,
access.identity_lock,venue_id,platform.scope,reference,precedent,yes,
access.journey_profile,venue_id,platform.scope,reference,precedent,yes,
access.journey_sequence_rule,venue_id,platform.scope,reference,precedent,yes,
access.media_binding_rule,primary_media_type_id,access.media_type,reference,convention,,
access.media_binding_rule,product_id,catalogue.product,reference,precedent,yes,
access.media_binding_rule,venue_id,platform.scope,reference,precedent,yes,
access.media_compatibility_test,access_point_id,access.access_point,reference,convention,,
access.media_compatibility_test,approval_request_id,approvals.request,reference,convention,yes,
access.media_compatibility_test,device_group_id,access.group_admission_rule,reference,convention,,
access.media_compatibility_test,media_type_id,access.media_type,reference,convention,,
access.media_compatibility_test,venue_id,platform.scope,reference,precedent,yes,
access.media_encoding_profile,access_point_id,access.access_point,reference,convention,,
access.media_encoding_profile,credential_security_profile_id,access.credential_security_profile,reference,convention,,
access.media_encoding_profile,media_type_id,access.media_type,reference,convention,,
access.media_encoding_profile,venue_id,platform.scope,reference,precedent,yes,
access.media_encoding_profile,zone_id,seating.zone,reference,convention,yes,
access.media_template,owner_principal_id,identity.principal,reference,convention,yes,
access.media_template,product_id,catalogue.product,reference,precedent,yes,
access.media_template,venue_id,platform.scope,reference,precedent,yes,
access.media_template_version,approval_request_id,approvals.request,reference,convention,yes,
access.media_template_version,created_by_principal_id,identity.principal,reference,convention,yes,
access.media_template_version,media_template_id,access.media_template,child,convention,,
access.offline_policy,venue_id,platform.scope,reference,precedent,yes,
access.operating_calendar_entry,venue_id,platform.scope,reference,precedent,yes,
access.parking_entitlement,facility_id,access.parking_facility,reference,declared,,yes
access.parking_entitlement,order_id,orders.sales_order,reference,declared,yes,yes
access.parking_entitlement,subject_id,pii.subject,reference,declared,yes,
access.parking_facility,venue_id,platform.scope,reference,declared,yes,yes
access.podium,venue_id,platform.scope,reference,precedent,yes,
access.podium_shift,access_device_id,access.access_device,reference,convention,,
access.podium_shift,operator_principal_id,identity.principal,reference,convention,yes,
access.podium_shift,podium_id,access.podium,child,convention,,
access.podium_shift,venue_id,platform.scope,reference,precedent,yes,
access.policy_scope_assignment,dynamic_policy_id,access.dynamic_policy,reference,convention,,
access.policy_scope_assignment,scope_id,platform.scope,reference,convention,yes,
access.reason_code,venue_id,platform.scope,reference,precedent,yes,
access.scan_event,access_point_id,access.access_point,reference,declared,,yes
access.scan_event,operator_principal_id,identity.principal,reference,declared,yes,
access.scan_event,overridden_by_principal_id,identity.principal,reference,declared,yes,
access.scan_event,overrides_scan_id,access.scan_event_unassigned,reference,convention,,
access.scan_event,ticket_id,access.entitlement,reference,declared,,
access.scan_event,venue_id,platform.scope,reference,declared,yes,yes
access.scan_event,via syncScans,sync.rejection,ambient,lineage,yes,
access.security_alert,access_point_id,access.access_point,reference,convention,,
access.security_alert,acknowledged_by_principal_id,identity.principal,reference,convention,yes,
access.security_alert,entitlement_id,access.entitlement,reference,convention,,
access.security_alert,face_reenrolment_attempt_id,access.face_reenrolment_attempt,reference,convention,,
access.security_alert,fraud_rule_id,access.fraud_rule,reference,convention,,
access.security_alert,security_investigation_id,access.security_investigation,reference,convention,,
access.security_alert,subject_id,pii.subject,reference,convention,yes,
access.security_alert,venue_id,platform.scope,reference,precedent,yes,
access.security_alert,zone_id,seating.zone,reference,convention,yes,
access.security_investigation,linked_incident_id,access.access_incident,reference,convention,,
access.security_investigation,subject_entitlement_id,access.entitlement,reference,convention,,
access.security_investigation,venue_id,platform.scope,reference,precedent,yes,
access.security_playbook,venue_id,platform.scope,reference,precedent,yes,
access.verification_method_policy,product_id,catalogue.product,reference,precedent,yes,
accreditation.application,approval_request_id,approvals.request,reference,convention,yes,
accreditation.application,holder_id,accreditation.holder,reference,convention,,
accreditation.application,programme_id,accreditation.programme,reference,convention,,
accreditation.application,submitted_by_principal_id,identity.principal,reference,convention,yes,
accreditation.application,via createAccreditationApplication,accreditation.identity_conflict,ambient,lineage,,
accreditation.audit,actor_principal_id,identity.principal,reference,convention,yes,
accreditation.audit,approval_request_id,approvals.request,reference,convention,yes,
accreditation.audit,holder_id,accreditation.holder,reference,convention,,
accreditation.badge_template,background_asset_id,assets.media_asset,reference,convention,yes,
accreditation.credential,badge_template_id,accreditation.badge_template,reference,convention,,
accreditation.credential,holder_id,accreditation.holder,reference,convention,,
accreditation.credential,replaces_credential_id,accreditation.credential,reference,convention,,
accreditation.document,application_id,accreditation.application,reference,convention,,
accreditation.document,asset_id,maintenance.asset,reference,convention,yes,
accreditation.document,holder_id,accreditation.holder,reference,convention,,
accreditation.holder,photo_asset_id,assets.media_asset,reference,convention,yes,
accreditation.holder,programme_id,accreditation.programme,reference,convention,,
accreditation.holder,subject_id,pii.subject,reference,convention,yes,
accreditation.holder,via importAccreditationHolders,accreditation.holder_access,ambient,lineage,,
accreditation.holder,via importAccreditationHolders,accreditation.identity_conflict,ambient,lineage,,
accreditation.holder_access,holder_id,accreditation.holder,child,convention,,
accreditation.identity_conflict,resolved_by_principal_id,identity.principal,reference,convention,yes,
accreditation.identity_conflict,surviving_holder_id,accreditation.holder,reference,convention,,
accreditation.notification_rules,programme_id,accreditation.programme,reference,convention,,
accreditation.print_job,printer_device_id,platform.device,reference,convention,yes,
accreditation.requirements,programme_id,accreditation.programme,reference,convention,,
accreditation.validity,programme_id,accreditation.programme,reference,convention,,
ai.activity,billable_to_tenant_id,platform.tenant,reference,convention,yes,
ai.activity,conversation_id,ai.conversation,reference,declared,,
ai.activity,principal_id,identity.principal,reference,declared,yes,yes
ai.activity,subject_id,pii.subject,reference,declared,yes,
ai.activity,via askReportingQuestion,reporting.report_column,ambient,lineage,yes,
ai.activity,via askReportingQuestion,reporting.report_filter,ambient,lineage,yes,
ai.activity,via decideProposedAction,ai.proposed_action,ambient,lineage,,
ai.activity,via generateConfiguration,ai.proposed_action,ambient,lineage,,
ai.activity,via generateVenueLayout,ai.layout_draft,ambient,lineage,,
ai.activity,via proposeTranslations,ai.proposed_action,ambient,lineage,,
ai.activity,via proposeVenueLabels,ai.proposed_action,ambient,lineage,,
ai.activity,via proposeWalkways,ai.proposed_action,ambient,lineage,,
ai.activity,via requestSuggestion,ai.suggestion,ambient,lineage,,
ai.activity,via sendAiMessage,ai.message,ambient,lineage,,
ai.activity,via sendAiMessage,ai.proposed_action,ambient,lineage,,
ai.activity,via testAiProvider,ai.provider,ambient,lineage,,
ai.chunk_ref,document_id,ai.knowledge_document,reference,declared,,yes
ai.conversation,principal_id,identity.principal,reference,declared,yes,yes
ai.index_entry,source_id,ai.index_source,reference,declared,,yes
ai.index_entry,via reindexSource,ai.index_job,ambient,lineage,,
ai.index_failure,job_id,ai.index_job,reference,convention,,
ai.index_failure,source_id,ai.index_source,reference,convention,,
ai.index_job,source_id,ai.index_source,reference,declared,,yes
ai.index_source,collection_id,ai.knowledge_collection,reference,declared,,yes
ai.knowledge_document,collection_id,ai.knowledge_collection,reference,declared,,
ai.knowledge_document,supersedes_document_id,ai.knowledge_document,reference,convention,,
ai.layout_draft,asset_id,assets.media_asset,reference,declared,yes,yes
ai.message,conversation_id,ai.conversation,reference,declared,,yes
ai.message,proposed_action_id,ai.proposed_action,reference,declared,,
ai.policy,fallback_provider_id,ai.provider,reference,convention,,
ai.policy,tenant_id,platform.tenant,reference,declared,yes,yes
ai.proposed_action,decided_by_principal_id,identity.principal,reference,declared,yes,
ai.proposed_action,interaction_id,ai.activity,reference,declared,,
ai.provider,failover_provider_id,ai.provider,reference,convention,,
ai.provider,region_id,platform.scope,reference,declared,yes,yes
ai.provider,tenant_id,platform.tenant,reference,convention,yes,
ai.suggestion_outcome,decided_by_principal_id,identity.principal,reference,convention,yes,
ai.suggestion_outcome,suggestion_id,ai.suggestion,child,convention,,
approvals.accreditation_badge,approval_request_id,approvals.request,reference,convention,,
approvals.approved_action_execution,approval_request_id,approvals.request,reference,convention,,
approvals.approver_availability,delegation_id,approvals.delegation,reference,convention,,
approvals.approver_availability,principal_id,identity.principal,reference,convention,yes,
approvals.approver_availability,substitute_principal_id,identity.principal,reference,convention,yes,
approvals.automation,business_rule_id,approvals.business_rule,reference,convention,,
approvals.automation,workflow_definition_id,approvals.workflow_definition,reference,convention,,
approvals.automation_execution,automation_id,approvals.automation,child,convention,,
approvals.automation_execution,business_rule_id,approvals.business_rule,reference,convention,,
approvals.automation_execution,executed_under_principal_id,identity.principal,reference,convention,yes,
approvals.automation_execution,workflow_instance_id,approvals.workflow_instance,reference,convention,,
approvals.automation_execution,workflow_version_id,approvals.workflow_version,reference,convention,,
approvals.decision,principal_id,identity.principal,reference,declared,yes,yes
approvals.decision,request_id,approvals.request,reference,declared,,yes
approvals.decision,via approveUnifiedDecision,approvals.request,ambient,lineage,,
approvals.decision,via approveUnifiedDecision,platform.outbox,ambient,lineage,yes,
approvals.decision_record,request_id,approvals.request,reference,convention,,
approvals.decision_table_row,decision_table_id,approvals.decision_table,child,declared,,yes
approvals.delegation,delegate_principal_id,identity.principal,reference,declared,yes,yes
approvals.delegation,delegator_principal_id,identity.principal,reference,declared,yes,yes
approvals.escalation,request_id,approvals.request,reference,declared,,yes
approvals.escalation,via escalateApprovalRequest,approvals.request,ambient,lineage,,
approvals.evidence_package,asset_id,maintenance.asset,reference,convention,yes,
approvals.matrix,via approveMatrixMultiLevel,approvals.rule,ambient,lineage,,
approvals.matrix,via setApprovalMatrix,approvals.rule,ambient,lineage,,
approvals.request,requested_by_principal_id,identity.principal,reference,declared,yes,yes
approvals.request,via approveBookingLimitCommercial,control.partner_booking_limit,ambient,lineage,yes,
approvals.request,via approveBookingLimitCommercial,control.partner_commercial_exception,ambient,lineage,yes,
approvals.request,via approveMembershipProductValidation,subscription.membership_product,ambient,lineage,yes,
approvals.request,via approveMembershipProductValidation,subscription.membership_product_history,ambient,lineage,yes,
approvals.request,via approvePartnerStatuLifecycle,control.partner,ambient,lineage,yes,
approvals.request,via approvePartnerStatuLifecycle,control.partner_agreement,ambient,lineage,yes,
approvals.request,via approvePartnerStatuLifecycle,control.partner_status_history,ambient,lineage,yes,
approvals.request,via approveVersioningGovernance,approvals.workflow_version,ambient,lineage,,
approvals.request,via createPartnerAgreement,control.partner_agreement,ambient,lineage,yes,
approvals.request,via createPartnerChangeRequest,control.partner_change_request,ambient,lineage,yes,
approvals.request,via requestShiftSwap,workforce.shift_swap,ambient,lineage,yes,
approvals.request,via setAgreementContractTerm,control.partner_agreement,ambient,lineage,yes,
approvals.request,via setAgreementContractTerm,control.partner_document,ambient,lineage,yes,
approvals.request,via setPartnerAllocations,control.partner_allocation,ambient,lineage,yes,
approvals.request,via setPartnerCommissionRules,control.partner_commission_rule,ambient,lineage,yes,
approvals.request,via setPartnerCommissionRules,control.partner_commission_rule_tier,ambient,lineage,yes,
approvals.request,via setPartnerCreditProfile,control.partner_credit_profile,ambient,lineage,yes,
approvals.request,via setPartnerRateNet,control.partner_rate,ambient,lineage,yes,
approvals.request,via setPartnerRateNet,control.partner_rate_volume_band,ambient,lineage,yes,
approvals.request,via setPaymentTermBilling,control.partner_agreement,ambient,lineage,yes,
approvals.request,via setPaymentTermBilling,control.partner_billing_profile,ambient,lineage,yes,
approvals.rule,matrix_id,approvals.matrix,reference,declared,,yes
approvals.signature,request_id,approvals.request,reference,convention,,
approvals.workflow_definition,active_workflow_version_id,approvals.workflow_version,reference,convention,,
approvals.workflow_definition,owner_principal_id,identity.principal,reference,convention,yes,
approvals.workflow_definition,via setVisualWorkflow,approvals.workflow_version,ambient,lineage,,
approvals.workflow_exception,owner_principal_id,identity.principal,reference,convention,yes,
approvals.workflow_exception,workflow_instance_id,approvals.workflow_instance,reference,convention,,
approvals.workflow_exception,workflow_step_execution_id,approvals.workflow_step_execution,reference,convention,,
approvals.workflow_instance,current_node_id,access.edge_node,reference,convention,yes,
approvals.workflow_instance,initiated_by_principal_id,identity.principal,reference,convention,yes,
approvals.workflow_instance,owner_principal_id,identity.principal,reference,convention,yes,
approvals.workflow_instance,sla_policy_id,approvals.sla_policy,reference,convention,,
approvals.workflow_instance,workflow_definition_id,approvals.workflow_definition,reference,convention,,
approvals.workflow_instance,workflow_trigger_id,approvals.workflow_trigger,reference,convention,,
approvals.workflow_instance,workflow_version_id,approvals.workflow_version,reference,convention,,
approvals.workflow_intervention,actor_principal_id,identity.principal,reference,convention,yes,
approvals.workflow_intervention,alternative_node_id,access.edge_node,reference,convention,yes,
approvals.workflow_intervention,assignee_principal_id,identity.principal,reference,convention,yes,
approvals.workflow_intervention,previous_assignee_principal_id,identity.principal,reference,convention,yes,
approvals.workflow_intervention,workflow_exception_id,approvals.workflow_exception,reference,convention,,
approvals.workflow_intervention,workflow_instance_id,approvals.workflow_instance,reference,convention,,
approvals.workflow_intervention,workflow_step_execution_id,approvals.workflow_step_execution,reference,convention,,
approvals.workflow_step_execution,approval_request_id,approvals.request,reference,convention,,
approvals.workflow_step_execution,assigned_to_principal_id,identity.principal,reference,convention,yes,
approvals.workflow_step_execution,workflow_instance_id,approvals.workflow_instance,reference,convention,,
approvals.workflow_trigger,workflow_definition_id,approvals.workflow_definition,reference,convention,,
approvals.workflow_version,approval_request_id,approvals.request,reference,convention,,
approvals.workflow_version,business_owner_principal_id,identity.principal,reference,convention,yes,
approvals.workflow_version,technical_owner_principal_id,identity.principal,reference,convention,yes,
approvals.workflow_version,workflow_definition_id,approvals.workflow_definition,reference,convention,,
assets.asset_version,via replaceMediaAsset,assets.media_asset,ambient,lineage,,
assets.asset_version,via replaceMediaAsset,assets.media_fingerprint,ambient,lineage,,
assets.audit,via bulkUpdateMediaAssets,assets.media_asset,ambient,lineage,,
assets.audit,via bulkUpdateMediaAssets,assets.tag,ambient,lineage,,
assets.media_asset,uploaded_by_principal_id,identity.principal,reference,declared,yes,
assets.media_asset,venue_id,platform.scope,reference,declared,yes,
assets.media_asset,via completeUpload,assets.media_fingerprint,ambient,lineage,,
assets.media_collection,cover_asset_id,assets.media_asset,reference,declared,,
assets.media_collection,parent_collection_id,assets.media_collection,reference,convention,,
assets.media_collection,venue_id,platform.scope,reference,declared,yes,
assets.media_collection_member,added_by_principal_id,identity.principal,reference,convention,yes,
assets.media_collection_member,asset_id,assets.media_asset,reference,convention,,
assets.media_collection_member,collection_id,assets.media_collection,child,convention,,
assets.media_fingerprint,via analyseMediaAsset,assets.tag,ambient,lineage,,
assets.media_upload,asset_id,assets.media_asset,reference,convention,,
assets.media_upload,venue_id,platform.scope,reference,precedent,yes,
assets.media_usage,asset_id,assets.media_asset,reference,declared,,yes
catalogue.ai_catalogue_session,created_by_principal_id,identity.principal,reference,convention,yes,
catalogue.ai_catalogue_session,draft_product_id,catalogue.product,reference,convention,,
catalogue.ai_catalogue_session,reference_product_id,catalogue.product,reference,convention,,
catalogue.ai_catalogue_session,venue_id,platform.scope,reference,precedent,yes,
catalogue.ai_catalogue_session,via setCatalogueReview,catalogue.audit_entry,ambient,lineage,,
catalogue.ai_catalogue_session,via setCatalogueReview,catalogue.product,ambient,lineage,,
catalogue.ai_finding,owner_principal_id,identity.principal,reference,convention,yes,
catalogue.ai_finding,product_id,catalogue.product,reference,convention,,
catalogue.ai_finding,venue_id,platform.scope,reference,precedent,yes,
catalogue.ai_finding,via decideCatalogueAiFinding,catalogue.audit_entry,ambient,lineage,,
catalogue.alternative_code,partner_id,control.partner,reference,convention,yes,
catalogue.alternative_code,product_id,catalogue.product,reference,declared,,
catalogue.alternative_code,variant_id,catalogue.variant,reference,declared,,
catalogue.approval_policy,department_id,platform.scope,reference,precedent,yes,
catalogue.approval_policy,legal_entity_id,ledger.legal_entity,reference,convention,yes,
catalogue.approval_policy,venue_id,platform.scope,reference,precedent,yes,
catalogue.approval_policy,via approvePricingWorkflowAuthority,catalogue.audit_entry,ambient,lineage,,
catalogue.approval_policy,via approveWorkflow,catalogue.audit_entry,ambient,lineage,,
catalogue.audit_entry,actor_principal_id,identity.principal,reference,convention,yes,
catalogue.audit_entry,approval_request_id,approvals.request,reference,convention,yes,
catalogue.audit_entry,change_request_id,catalogue.change_request,reference,convention,,
catalogue.audit_entry,pricing_publication_id,catalogue.pricing_publication,reference,convention,,
catalogue.audit_entry,product_id,catalogue.product,reference,convention,,
catalogue.audit_entry,rollback_action_id,catalogue.rollback_action,reference,convention,,
catalogue.audit_entry,sales_channel_id,catalogue.sales_channel,reference,convention,,
catalogue.audit_entry,via approveReviewDecision,catalogue.change_request,ambient,lineage,,
catalogue.audit_entry,via cancelPricingRollback,catalogue.rollback_action,ambient,lineage,,
catalogue.audit_entry,via cancelPricingRollback,platform.outbox,ambient,lineage,yes,
catalogue.audit_entry,via createBulkProductCatalogue,catalogue.import_job,ambient,lineage,,
catalogue.audit_entry,via createBulkProductCatalogue,catalogue.product,ambient,lineage,,
catalogue.audit_entry,via createBulkProductCatalogue,catalogue.variant,ambient,lineage,,
catalogue.audit_entry,via createChannelProfile,catalogue.sales_channel,ambient,lineage,,
catalogue.audit_entry,via decidePricingChangeRequest,catalogue.change_request,ambient,lineage,,
catalogue.audit_entry,via decidePricingChangeRequest,platform.outbox,ambient,lineage,yes,
catalogue.audit_entry,via decidePricingRecommendation,catalogue.pricing_recommendation,ambient,lineage,,
catalogue.audit_entry,via decidePricingRecommendation,catalogue.pricing_recommendation_decision,ambient,lineage,,
catalogue.audit_entry,via decidePricingRecommendation,platform.outbox,ambient,lineage,yes,
catalogue.audit_entry,via publishActivationScheduler,catalogue.lifecycle_action,ambient,lineage,,
catalogue.audit_entry,via publishChannelAvailability,catalogue.product,ambient,lineage,,
catalogue.audit_entry,via publishChannelAvailability,catalogue.product_channel_assignment,ambient,lineage,,
catalogue.audit_entry,via publishChannelReadinessValidation,catalogue.sales_channel,ambient,lineage,,
catalogue.audit_entry,via requestPricingRollback,catalogue.rollback_action,ambient,lineage,,
catalogue.audit_entry,via requestPricingRollback,platform.outbox,ambient,lineage,yes,
catalogue.audit_entry,via restoreProductVersion,catalogue.product,ambient,lineage,,
catalogue.audit_entry,via restoreProductVersion,catalogue.product_version,ambient,lineage,,
catalogue.audit_entry,via restoreProductVersion,catalogue.rollback_action,ambient,lineage,,
catalogue.audit_entry,via retryChannelIncident,catalogue.channel_incident,ambient,lineage,,
catalogue.audit_entry,via retryChannelIncident,platform.outbox,ambient,lineage,yes,
catalogue.audit_entry,via setBookingVelocityTime,pricing.dynamic_price_action,ambient,lineage,yes,
catalogue.audit_entry,via setBookingVelocityTime,pricing.dynamic_price_condition,ambient,lineage,yes,
catalogue.audit_entry,via setBookingVelocityTime,pricing.dynamic_price_rule,ambient,lineage,yes,
catalogue.audit_entry,via setChannelConnectionConfiguration,catalogue.channel_connection,ambient,lineage,,
catalogue.audit_entry,via setChannelFeePayment,catalogue.sales_channel,ambient,lineage,,
catalogue.audit_entry,via setChannelPricingCommercial,catalogue.price_assignment,ambient,lineage,,
catalogue.audit_entry,via setChannelSalesRule,catalogue.channel_sales_rule,ambient,lineage,,
catalogue.audit_entry,via setChannelSyncSetting,catalogue.channel_sync,ambient,lineage,,
catalogue.audit_entry,via setConfigurationTemplate,catalogue.configuration_template,ambient,lineage,,
catalogue.audit_entry,via setCurrencyRoundingRule,catalogue.rounding_profile,ambient,lineage,,
catalogue.audit_entry,via setDemandOccupancyAvailability,pricing.dynamic_price_action,ambient,lineage,yes,
catalogue.audit_entry,via setDemandOccupancyAvailability,pricing.dynamic_price_condition,ambient,lineage,yes,
catalogue.audit_entry,via setDemandOccupancyAvailability,pricing.dynamic_price_rule,ambient,lineage,yes,
catalogue.audit_entry,via setDemandSignalConfiguration,catalogue.demand_signal,ambient,lineage,,
catalogue.audit_entry,via setDynamicPricingGuardrailPolicy,catalogue.dynamic_pricing_control,ambient,lineage,,
catalogue.audit_entry,via setDynamicPricingGuardrailPolicy,catalogue.dynamic_pricing_strategy,ambient,lineage,,
catalogue.audit_entry,via setDynamicPricingGuardrailPolicy,platform.outbox,ambient,lineage,yes,
catalogue.audit_entry,via setDynamicPricingStrategy,catalogue.dynamic_pricing_strategy,ambient,lineage,,
catalogue.audit_entry,via setFeeApplicabilityCharging,catalogue.fee_rule,ambient,lineage,,
catalogue.audit_entry,via setFeeDefinition,catalogue.fee,ambient,lineage,,
catalogue.audit_entry,via setLifecycleStatuWorkflow,catalogue.lifecycle_workflow,ambient,lineage,,
catalogue.audit_entry,via setMarketPricingConfiguration,catalogue.pricing_market,ambient,lineage,,
catalogue.audit_entry,via setPackagePricingDefinition,catalogue.package_pricing,ambient,lineage,,
catalogue.audit_entry,via setPriceCalculationPolicy,catalogue.calculation_profile,ambient,lineage,,
catalogue.audit_entry,via setPriceCalculationPolicy,catalogue.calculation_step,ambient,lineage,,
catalogue.audit_entry,via setPriceCategoryRateType,catalogue.price_category,ambient,lineage,,
catalogue.audit_entry,via setPriceHierarchyInheritance,catalogue.price_resolution_policy,ambient,lineage,,
catalogue.audit_entry,via setPriceLadderMatrix,catalogue.price_ladder,ambient,lineage,,
catalogue.audit_entry,via setPriceListMaster,catalogue.price_list,ambient,lineage,,
catalogue.audit_entry,via setPricingChangeRequest,catalogue.change_request,ambient,lineage,,
catalogue.audit_entry,via setPricingChangeRequest,catalogue.change_request_line,ambient,lineage,,
catalogue.audit_entry,via setPricingExperiment,catalogue.pricing_experiment,ambient,lineage,,
catalogue.audit_entry,via setProductCatalogue,catalogue.product,ambient,lineage,,
catalogue.audit_entry,via setProductCatalogue,catalogue.product_channel_assignment,ambient,lineage,,
catalogue.audit_entry,via setProductContextOwnership,catalogue.product,ambient,lineage,,
catalogue.audit_entry,via setProductLinks,catalogue.product_link,ambient,lineage,,
catalogue.audit_entry,via setProductServicePrice,catalogue.price_assignment,ambient,lineage,,
catalogue.audit_entry,via setRateStructure,catalogue.rate,ambient,lineage,,
catalogue.audit_entry,via setRulePriorityConflict,catalogue.price_resolution_policy,ambient,lineage,,
catalogue.audit_entry,via setRulePriorityConflict,catalogue.pricing_test_case,ambient,lineage,,
catalogue.audit_entry,via setRulePriorityConflict,pricing.dynamic_price_rule,ambient,lineage,yes,
catalogue.audit_entry,via setSignalRegistryPolicy,catalogue.signal_registry,ambient,lineage,,
catalogue.audit_entry,via setTaxProfileJurisdiction,catalogue.tax_profile,ambient,lineage,,
catalogue.audit_entry,via setTaxRuleTreatment,catalogue.tax_rule,ambient,lineage,,
catalogue.audit_entry,via submitPricingChangeRequest,catalogue.change_request,ambient,lineage,,
catalogue.audit_entry,via submitPricingChangeRequest,platform.outbox,ambient,lineage,yes,
catalogue.audit_entry,via testChannelConnection,catalogue.channel_connection,ambient,lineage,,
catalogue.audit_entry,via transitionDynamicPricingStrategy,catalogue.dynamic_pricing_strategy,ambient,lineage,,
catalogue.audit_entry,via updateChannelIncident,catalogue.channel_incident,ambient,lineage,,
catalogue.calculation_step,calculation_profile_id,catalogue.calculation_profile,reference,declared,,yes
catalogue.calculation_step,rounding_profile_id,catalogue.rounding_profile,reference,convention,,
catalogue.change_request,approval_policy_id,catalogue.approval_policy,reference,convention,,
catalogue.change_request,approval_request_id,approvals.request,reference,convention,yes,
catalogue.change_request,assigned_approver_principal_id,identity.principal,reference,convention,yes,
catalogue.change_request,legal_entity_id,ledger.legal_entity,reference,convention,yes,
catalogue.change_request,owner_principal_id,identity.principal,reference,convention,yes,
catalogue.change_request,price_list_id,catalogue.price_list,reference,convention,,
catalogue.change_request,product_id,catalogue.product,reference,convention,,
catalogue.change_request,requested_by_principal_id,identity.principal,reference,convention,yes,
catalogue.change_request,venue_id,platform.scope,reference,precedent,yes,
catalogue.change_request_line,change_request_id,catalogue.change_request,child,declared,,yes
catalogue.change_request_line,venue_id,platform.scope,reference,precedent,yes,
catalogue.channel_allocation,envelope_id,catalogue.channel_capacity,reference,declared,,yes
catalogue.channel_allocation,sales_channel_id,catalogue.sales_channel,reference,convention,,
catalogue.channel_capacity,performance_id,catalogue.performance,reference,declared,,yes
catalogue.channel_capacity,seat_category_id,seating.seat_category,reference,declared,yes,
catalogue.channel_connection,sales_channel_id,catalogue.sales_channel,reference,convention,,
catalogue.channel_incident,channel_connection_id,catalogue.channel_connection,reference,convention,,
catalogue.channel_incident,event_id,catalogue.event,reference,convention,,
catalogue.channel_incident,owner_principal_id,identity.principal,reference,convention,yes,
catalogue.channel_incident,product_id,catalogue.product,reference,convention,,
catalogue.channel_incident,sales_channel_id,catalogue.sales_channel,reference,convention,,
catalogue.channel_sales_rule,product_id,catalogue.product,reference,convention,,
catalogue.channel_sales_rule,sales_channel_id,catalogue.sales_channel,reference,convention,,
catalogue.channel_sync,channel_connection_id,catalogue.channel_connection,reference,convention,,
catalogue.channel_sync,sales_channel_id,catalogue.sales_channel,reference,convention,,
catalogue.configuration_template,owner_principal_id,identity.principal,reference,convention,yes,
catalogue.configuration_template,source_price_list_id,catalogue.price_list,reference,convention,,
catalogue.configuration_template,source_product_id,catalogue.product,reference,convention,,
catalogue.configuration_template,venue_id,platform.scope,reference,precedent,yes,
catalogue.demand_forecast,event_id,catalogue.event,reference,convention,,
catalogue.demand_forecast,performance_id,catalogue.performance,reference,convention,,
catalogue.demand_forecast,price_category_id,catalogue.price_category,reference,convention,,
catalogue.demand_forecast,product_id,catalogue.product,reference,convention,,
catalogue.demand_forecast,venue_id,platform.scope,reference,precedent,yes,
catalogue.demand_signal,product_id,catalogue.product,reference,convention,,
catalogue.demand_signal,venue_id,platform.scope,reference,precedent,yes,
catalogue.donation_campaign,liability_account_id,ledger.account,reference,declared,yes,
catalogue.donation_campaign,venue_id,platform.scope,reference,declared,yes,yes
catalogue.dynamic_pricing_control,scope_id,platform.scope,reference,convention,yes,
catalogue.dynamic_pricing_strategy,cloned_from_strategy_id,promotions.recommendation_strategy,reference,convention,yes,
catalogue.dynamic_pricing_strategy,event_id,catalogue.event,reference,convention,,
catalogue.dynamic_pricing_strategy,owner_principal_id,identity.principal,reference,convention,yes,
catalogue.dynamic_pricing_strategy,product_id,catalogue.product,reference,convention,,
catalogue.dynamic_pricing_strategy,venue_id,platform.scope,reference,precedent,yes,
catalogue.entitlement_template,admission_rules_id,access.admission_rules,reference,declared,yes,
catalogue.entitlement_template,renewal_variant_id,catalogue.variant,reference,convention,,
catalogue.event,parent_event_id,catalogue.event,reference,convention,,
catalogue.event,venue_id,platform.scope,reference,declared,yes,yes
catalogue.event,via setEventLifecycleState,catalogue.performance,ambient,lineage,,
catalogue.event,via setEventLifecycleState,platform.outbox,ambient,lineage,yes,
catalogue.event_capacity_profile,event_id,catalogue.event,child,convention,,
catalogue.event_capacity_profile,performance_id,catalogue.performance,reference,convention,,
catalogue.event_capacity_profile,seat_map_id,seating.seat_map,reference,convention,yes,
catalogue.event_registration,event_id,catalogue.event,child,convention,,
catalogue.event_reschedule,approval_request_id,approvals.request,reference,convention,yes,
catalogue.event_reschedule,new_space_id,catalogue.space,reference,convention,,
catalogue.event_resource_plan,event_id,catalogue.event,child,convention,,
catalogue.event_schedule,event_id,catalogue.event,child,convention,,
catalogue.fee_rule,eligibility_ref_id,ai.chunk_ref,reference,convention,yes,
catalogue.fee_rule,fee_id,catalogue.fee,child,convention,,
catalogue.group_package,product_id,catalogue.product,reference,convention,,
catalogue.import_job,change_request_id,catalogue.change_request,reference,convention,,
catalogue.import_job,requested_by_principal_id,identity.principal,reference,convention,yes,
catalogue.import_job,via commitCatalogueImport,catalogue.product,ambient,lineage,,
catalogue.import_job,via commitCatalogueImport,catalogue.variant,ambient,lineage,,
catalogue.inventory_hold,channel_capacity_id,catalogue.channel_capacity,reference,declared,,yes
catalogue.inventory_hold,force_released_by_principal_id,identity.principal,reference,declared,yes,
catalogue.inventory_hold,holder_workstation_id,platform.workstation,reference,declared,yes,yes
catalogue.inventory_hold,via abandonCart,orders.cart,ambient,lineage,yes,
catalogue.inventory_hold,via extendCart,orders.cart,ambient,lineage,yes,
catalogue.inventory_hold,via offerWaitlistCapacity,catalogue.waitlist_entry,ambient,lineage,,
catalogue.inventory_hold,via removeCartLine,orders.cart_line,ambient,lineage,yes,
catalogue.inventory_hold,via updateCartLine,orders.cart_line,ambient,lineage,yes,
catalogue.lifecycle_action,created_by_principal_id,identity.principal,reference,convention,yes,
catalogue.lifecycle_action,product_id,catalogue.product,reference,convention,,
catalogue.lifecycle_action,replacement_product_id,catalogue.product,reference,convention,,
catalogue.lifecycle_action,venue_id,platform.scope,reference,precedent,yes,
catalogue.lifecycle_workflow,updated_by_principal_id,identity.principal,reference,convention,yes,
catalogue.lifecycle_workflow,venue_id,platform.scope,reference,precedent,yes,
catalogue.membership_benefit,entitlement_template_id,catalogue.entitlement_template,reference,convention,,
catalogue.package_pricing,price_list_id,catalogue.price_list,reference,convention,,
catalogue.package_pricing,product_id,catalogue.product,reference,convention,,
catalogue.performance,admission_rules_id,access.admission_rules,reference,declared,yes,
catalogue.performance,approval_request_id,approvals.request,reference,convention,yes,
catalogue.performance,event_id,catalogue.event,reference,declared,,yes
catalogue.performance,seat_map_id,seating.seat_map,reference,declared,yes,
catalogue.performance,via cancelPerformance,platform.outbox,ambient,lineage,yes,
catalogue.performance_media,asset_id,maintenance.asset,reference,convention,yes,
catalogue.performance_media,assigned_by_principal_id,identity.principal,reference,convention,yes,
catalogue.performance_media,participant_id,rental.participant,reference,convention,yes,
catalogue.performance_media,performance_id,catalogue.performance,child,convention,,
catalogue.performance_template,space_id,catalogue.space,reference,convention,,
catalogue.plan_benefit,entitlement_template_id,catalogue.entitlement_template,reference,convention,,
catalogue.plan_benefit,membership_benefit_id,catalogue.membership_benefit,reference,convention,,
catalogue.prepaid_minutes,credit_type_id,wallet.credit_type,reference,convention,yes,
catalogue.price,price_list_id,catalogue.price_list,reference,declared,,yes
catalogue.price,tax_code_id,ledger.tax_code,reference,declared,yes,
catalogue.price,variant_id,catalogue.variant,reference,declared,,yes
catalogue.price,via applyMenuActions,fnb.menu_item,ambient,lineage,yes,
catalogue.price,via bulkUpdateProducts,catalogue.product,ambient,lineage,,
catalogue.price,via bulkUpdateProducts,inventory.item,ambient,lineage,yes,
catalogue.price_assignment,event_id,catalogue.event,reference,convention,,
catalogue.price_assignment,price_list_id,catalogue.price_list,reference,convention,,
catalogue.price_assignment,product_id,catalogue.product,reference,convention,,
catalogue.price_assignment,sales_channel_id,catalogue.sales_channel,reference,convention,,
catalogue.price_assignment,scope_ref_id,ai.chunk_ref,reference,convention,yes,
catalogue.price_assignment,venue_id,platform.scope,reference,precedent,yes,
catalogue.price_execution,approval_request_id,approvals.request,reference,convention,yes,
catalogue.price_execution,dynamic_pricing_strategy_id,catalogue.dynamic_pricing_strategy,reference,convention,,
catalogue.price_execution,event_id,catalogue.event,reference,convention,,
catalogue.price_execution,executed_by_principal_id,identity.principal,reference,convention,yes,
catalogue.price_execution,performance_id,catalogue.performance,reference,convention,,
catalogue.price_execution,pricing_recommendation_id,catalogue.pricing_recommendation,reference,convention,,
catalogue.price_execution,product_id,catalogue.product,reference,convention,,
catalogue.price_ladder,dynamic_pricing_strategy_id,catalogue.dynamic_pricing_strategy,reference,convention,,
catalogue.price_list,cloned_from_price_list_id,catalogue.price_list,reference,convention,,
catalogue.price_list,default_price_category_id,catalogue.price_category,reference,convention,,
catalogue.price_list,legal_entity_id,ledger.legal_entity,reference,convention,yes,
catalogue.price_list,owner_principal_id,identity.principal,reference,convention,yes,
catalogue.price_list,price_resolution_policy_id,catalogue.price_resolution_policy,reference,convention,,
catalogue.price_list,rounding_profile_id,catalogue.rounding_profile,reference,convention,,
catalogue.price_list,venue_id,platform.scope,reference,declared,yes,yes
catalogue.price_list,via bulkChangePrices,catalogue.product_version,ambient,lineage,,
catalogue.price_list_version,change_request_id,catalogue.change_request,reference,convention,,
catalogue.price_list_version,created_by_principal_id,identity.principal,reference,convention,yes,
catalogue.price_list_version,price_list_id,catalogue.price_list,child,convention,,
catalogue.price_resolution_policy,updated_by_principal_id,identity.principal,reference,convention,yes,
catalogue.pricing_experiment,created_by_principal_id,identity.principal,reference,convention,yes,
catalogue.pricing_experiment,event_id,catalogue.event,reference,convention,,
catalogue.pricing_experiment,performance_id,catalogue.performance,reference,convention,,
catalogue.pricing_experiment,product_id,catalogue.product,reference,convention,,
catalogue.pricing_market,legal_entity_id,ledger.legal_entity,reference,convention,yes,
catalogue.pricing_market,price_list_id,catalogue.price_list,reference,convention,,
catalogue.pricing_market,rounding_profile_id,catalogue.rounding_profile,reference,convention,,
catalogue.pricing_market,venue_id,platform.scope,reference,precedent,yes,
catalogue.pricing_publication,change_request_id,catalogue.change_request,reference,convention,,
catalogue.pricing_publication,created_by_principal_id,identity.principal,reference,convention,yes,
catalogue.pricing_publication,price_list_version_id,catalogue.price_list_version,reference,convention,,
catalogue.pricing_publication,venue_id,platform.scope,reference,precedent,yes,
catalogue.pricing_publication_target,pricing_publication_id,catalogue.pricing_publication,child,declared,,yes
catalogue.pricing_recommendation,demand_forecast_id,catalogue.demand_forecast,reference,convention,,
catalogue.pricing_recommendation,dynamic_pricing_strategy_id,catalogue.dynamic_pricing_strategy,reference,convention,,
catalogue.pricing_recommendation,event_id,catalogue.event,reference,convention,,
catalogue.pricing_recommendation,performance_id,catalogue.performance,reference,convention,,
catalogue.pricing_recommendation,price_category_id,catalogue.price_category,reference,convention,,
catalogue.pricing_recommendation,product_id,catalogue.product,reference,convention,,
catalogue.pricing_recommendation,venue_id,platform.scope,reference,precedent,yes,
catalogue.pricing_recommendation,via setPricing,catalogue.pricing_simulation,ambient,lineage,,
catalogue.pricing_recommendation_decision,approval_request_id,approvals.request,reference,convention,yes,
catalogue.pricing_recommendation_decision,decided_by_principal_id,identity.principal,reference,convention,yes,
catalogue.pricing_recommendation_decision,recommendation_id,catalogue.pricing_recommendation,child,convention,,
catalogue.pricing_simulation,created_by_principal_id,identity.principal,reference,convention,yes,
catalogue.pricing_simulation,event_id,catalogue.event,reference,convention,,
catalogue.pricing_simulation,performance_id,catalogue.performance,reference,convention,,
catalogue.pricing_simulation,price_category_id,catalogue.price_category,reference,convention,,
catalogue.pricing_simulation,pricing_recommendation_id,catalogue.pricing_recommendation,reference,convention,,
catalogue.pricing_simulation,product_id,catalogue.product,reference,convention,,
catalogue.pricing_simulation,venue_id,platform.scope,reference,precedent,yes,
catalogue.pricing_test_case,created_by_principal_id,identity.principal,reference,convention,yes,
catalogue.product,approved_by_principal_id,identity.principal,reference,convention,yes,
catalogue.product,category_id,catalogue.product_category,reference,convention,,
catalogue.product,created_by_principal_id,identity.principal,reference,convention,yes,
catalogue.product,entitlement_template_id,catalogue.entitlement_template,reference,declared,,
catalogue.product,legal_entity_id,ledger.legal_entity,reference,convention,yes,
catalogue.product,location_id,inventory.location,reference,convention,yes,
catalogue.product,product_owner_principal_id,identity.principal,reference,convention,yes,
catalogue.product,site_id,reporting.site_normalisation_basis,reference,convention,yes,
catalogue.product,venue_id,platform.scope,reference,declared,yes,yes
catalogue.product,via cloneProduct,catalogue.variant,ambient,lineage,,
catalogue.product,via createProduct,catalogue.product_media,ambient,lineage,,
catalogue.product,via transitionProductLifecycle,platform.outbox,ambient,lineage,yes,
catalogue.product,via updateProduct,catalogue.product_media,ambient,lineage,,
catalogue.product_category,image_asset_id,assets.media_asset,reference,convention,yes,
catalogue.product_channel_assignment,product_id,catalogue.product,child,convention,,
catalogue.product_channel_assignment,sales_channel_id,catalogue.sales_channel,reference,convention,,
catalogue.product_eligibility_rule,product_id,catalogue.product,child,convention,,
catalogue.product_link,source_product_id,catalogue.product,child,convention,,
catalogue.product_media,asset_id,maintenance.asset,reference,convention,yes,
catalogue.product_version,product_id,catalogue.product,child,declared,,
catalogue.product_version,published_by_principal_id,identity.principal,reference,convention,yes,
catalogue.product_version,via publishMenu,fnb.menu,ambient,lineage,yes,
catalogue.published_bundle,venue_id,platform.scope,reference,declared,yes,yes
catalogue.rate,base_rate_id,catalogue.rate,reference,convention,,
catalogue.rate,price_category_id,catalogue.price_category,reference,convention,,
catalogue.rate,price_list_id,catalogue.price_list,reference,convention,,
catalogue.rate,rate_type_id,catalogue.event_type,reference,convention,,
catalogue.rate,rounding_profile_id,catalogue.rounding_profile,reference,convention,,
catalogue.rollback_action,approval_request_id,approvals.request,reference,convention,yes,
catalogue.rollback_action,change_request_id,catalogue.change_request,reference,convention,,
catalogue.rollback_action,price_list_id,catalogue.price_list,reference,convention,,
catalogue.rollback_action,product_id,catalogue.product,reference,convention,,
catalogue.rollback_action,requested_by_principal_id,identity.principal,reference,convention,yes,
catalogue.sales_channel,commercial_owner_principal_id,identity.principal,reference,convention,yes,
catalogue.sales_channel,finance_owner_principal_id,identity.principal,reference,convention,yes,
catalogue.sales_channel,operational_owner_principal_id,identity.principal,reference,convention,yes,
catalogue.sales_channel,owner_principal_id,identity.principal,reference,convention,yes,
catalogue.sales_channel,scope_id,platform.scope,reference,convention,yes,
catalogue.sales_channel,technical_owner_principal_id,identity.principal,reference,convention,yes,
catalogue.sales_channel,venue_id,platform.scope,reference,precedent,yes,
catalogue.signal_registry,owner_principal_id,identity.principal,reference,convention,yes,
catalogue.space,parent_space_id,catalogue.space,reference,convention,,
catalogue.space,resource_id,resources.resource,reference,convention,yes,
catalogue.space,venue_id,platform.scope,reference,declared,yes,
catalogue.space,venue_map_zone_id,seating.zone,reference,convention,yes,
catalogue.tax_profile,legal_entity_id,ledger.legal_entity,reference,convention,yes,
catalogue.tax_profile,owner_principal_id,identity.principal,reference,convention,yes,
catalogue.tax_profile,tax_code_id,ledger.tax_code,reference,convention,yes,
catalogue.tax_rule,legal_entity_id,ledger.legal_entity,reference,convention,yes,
catalogue.tax_rule,product_category_id,catalogue.product_category,reference,convention,,
catalogue.tax_rule,product_id,catalogue.product,reference,convention,,
catalogue.tax_rule,venue_id,platform.scope,reference,precedent,yes,
catalogue.variant,product_id,catalogue.product,reference,declared,,yes
catalogue.variant_dimension,product_id,catalogue.product,reference,declared,,yes
catalogue.waitlist_entry,performance_id,catalogue.performance,reference,declared,,yes
catalogue.waitlist_entry,subject_id,pii.subject,reference,declared,yes,
catalogue.waitlist_entry,variant_id,catalogue.variant,reference,declared,,
control.api_client,developer_id,control.developer_account,reference,convention,,
control.api_licence,tenant_id,control.tenant,reference,declared,,yes
control.api_limit,client_id,control.api_client,reference,convention,,
control.api_version,via deprecateApiVersion,marketing.message_dispatch,ambient,lineage,yes,
control.archival_job,cell_id,control.cell,reference,convention,,
control.backup_run,cell_id,control.cell,reference,convention,,
control.burst_environment,performance_id,catalogue.performance,reference,convention,yes,
control.burst_environment,usage_record_id,control.usage_record,reference,convention,,
control.cell,cluster_id,control.cell_cluster,reference,convention,,
control.cell,region_id,platform.scope,reference,declared,yes,yes
control.cell_cluster,modelled_on_cell_id,control.cell,child,convention,,
control.cell_cluster,region_id,platform.scope,reference,declared,yes,yes
control.cell_instance,cell_id,control.cell,child,convention,,
control.cell_job,cell_id,control.cell,child,declared,,yes
control.cell_tenant,cell_id,control.cell,child,convention,,
control.cell_tenant,instance_id,control.cell_instance,reference,convention,,
control.cell_tenant,tenant_id,control.tenant,reference,convention,,
control.channel_listing,price_list_id,catalogue.price_list,reference,declared,yes,
control.channel_listing,product_id,catalogue.product,reference,declared,yes,yes
control.content_block,approved_by_principal_id,identity.principal,reference,convention,yes,
control.content_block,audience_segment_id,marketing.segment,reference,convention,yes,
control.content_block,page_id,whitelabel.content_page,reference,convention,yes,
control.developer_account,partner_id,control.partner,reference,convention,,
control.developer_account,via setDeveloperMembers,identity.delegated_access,ambient,lineage,yes,
control.environment,cell_id,control.cell,reference,declared,,yes
control.integration_listing,developer_id,control.developer_account,reference,convention,,
control.invoice,tenant_id,control.tenant,reference,convention,,
control.invoice_line,invoice_id,control.invoice,child,declared,,yes
control.licence_add_on,tenant_id,control.tenant,reference,convention,,
control.licence_add_on,via addLicenceAddOn,control.licence_add_on_limit,ambient,lineage,,
control.licence_add_on,via removeLicenceAddOn,subscription.contract,ambient,lineage,yes,
control.licence_add_on_limit,licence_add_on_id,control.licence_add_on,child,declared,,yes
control.migration,release_id,control.release,reference,declared,,yes
control.migration_plan_cell,cell_id,control.cell,reference,declared,,
control.migration_plan_cell,migration_plan_id,control.migration_plan,child,declared,,yes
control.migration_run,canary_cell_id,control.cell,reference,declared,,
control.migration_run,canary_tenant_id,control.tenant,reference,convention,,
control.migration_run,plan_id,control.migration_plan,reference,convention,,
control.migration_run,started_by_principal_id,identity.principal,reference,declared,yes,
control.migration_run,via applyMigration,control.rollout_cell,ambient,lineage,,
control.migration_run,via rollbackMigrationRun,control.rollout_cell,ambient,lineage,,
control.migration_run_cell,cell_id,control.cell,reference,convention,,
control.migration_run_cell,migration_run_id,control.migration_run,child,declared,,yes
control.migration_run_tenant,cell_id,control.cell,reference,convention,,
control.migration_run_tenant,migration_run_id,control.migration_run,child,declared,,yes
control.migration_run_tenant,tenant_id,control.tenant,reference,convention,,
control.onboarding_application,provisioned_tenant_id,control.tenant,reference,convention,,
control.onboarding_application,venue_type_template_id,control.venue_type_template,reference,declared,,
control.partner,account_manager_principal_id,identity.principal,reference,convention,yes,
control.partner,commercial_manager_principal_id,identity.principal,reference,convention,yes,
control.partner,finance_owner_principal_id,identity.principal,reference,convention,yes,
control.partner,operational_owner_principal_id,identity.principal,reference,convention,yes,
control.partner,parent_partner_id,control.partner,reference,convention,,
control.partner,technical_owner_principal_id,identity.principal,reference,convention,yes,
control.partner_agreement,accepted_by_principal_id,identity.principal,reference,convention,yes,
control.partner_agreement,approval_request_id,approvals.request,reference,declared,yes,
control.partner_agreement,branding_asset_id,assets.media_asset,reference,convention,yes,
control.partner_agreement,commercial_owner_principal_id,identity.principal,reference,convention,yes,
control.partner_agreement,finance_owner_principal_id,identity.principal,reference,convention,yes,
control.partner_agreement,legal_entity_id,ledger.legal_entity,reference,convention,yes,
control.partner_agreement,partner_id,control.partner,child,declared,,yes
control.partner_allocation,agreement_id,control.partner_agreement,reference,convention,,
control.partner_allocation,approval_request_id,approvals.request,reference,convention,yes,
control.partner_allocation,event_id,catalogue.event,reference,convention,yes,
control.partner_allocation,partner_id,control.partner,child,convention,,
control.partner_allocation,product_id,catalogue.product,reference,precedent,yes,
control.partner_allocation,venue_id,control.venue_type_template,reference,convention,,
control.partner_application,approval_request_id,approvals.request,reference,convention,yes,
control.partner_application,partner_id,control.partner,child,convention,,
control.partner_application_review_task,assignee_principal_id,identity.principal,reference,convention,yes,
control.partner_application_review_task,partner_application_id,control.partner_application,child,declared,,yes
control.partner_billing_profile,agreement_id,control.partner_agreement,reference,convention,,
control.partner_billing_profile,billing_contact_id,control.partner_contact,reference,convention,,
control.partner_billing_profile,partner_id,control.partner,child,convention,,
control.partner_billing_profile,tax_profile_id,catalogue.tax_profile,reference,convention,yes,
control.partner_booking_limit,agreement_id,control.partner_agreement,reference,convention,,
control.partner_booking_limit,partner_id,control.partner,child,convention,,
control.partner_capability_grant,event_id,catalogue.event,reference,convention,yes,
control.partner_capability_grant,partner_id,control.partner,child,convention,,
control.partner_case,contact_id,control.partner_contact,reference,convention,,
control.partner_case,order_id,orders.sales_order,reference,precedent,yes,
control.partner_case,owner_principal_id,identity.principal,reference,convention,yes,
control.partner_case,partner_id,control.partner,child,convention,,
control.partner_case,settlement_batch_id,control.partner_settlement_batch,reference,convention,,
control.partner_case,sla_policy_id,approvals.sla_policy,reference,declared,yes,
control.partner_case,via actOnPartnerCase,control.partner_commission_line,ambient,lineage,,
control.partner_case,via actOnPartnerCase,control.partner_settlement_batch,ambient,lineage,,
control.partner_case,via actOnPartnerReconciliationException,control.partner_reconciliation_exception,ambient,lineage,,
control.partner_case,via createPartnerCase,control.partner_commission_line,ambient,lineage,,
control.partner_case,via createPartnerCase,control.partner_settlement_batch,ambient,lineage,,
control.partner_change_request,approval_request_id,approvals.request,reference,convention,yes,
control.partner_change_request,approved_by_principal_id,identity.principal,reference,convention,yes,
control.partner_change_request,order_id,orders.sales_order,reference,precedent,yes,
control.partner_change_request,partner_id,control.partner,child,convention,,
control.partner_change_request,refund_id,orders.refund,reference,convention,yes,
control.partner_change_request,requested_by_principal_id,identity.principal,reference,convention,yes,
control.partner_change_request,target_performance_id,catalogue.performance,reference,convention,yes,
control.partner_commercial_exception,agreement_id,control.partner_agreement,reference,convention,,
control.partner_commercial_exception,approval_request_id,approvals.request,reference,convention,yes,
control.partner_commercial_exception,partner_id,control.partner,child,convention,,
control.partner_commercial_exception,requested_by_principal_id,identity.principal,reference,convention,yes,
control.partner_commission_line,agreement_id,control.partner_agreement,reference,convention,,
control.partner_commission_line,legal_entity_id,ledger.legal_entity,reference,convention,yes,
control.partner_commission_line,order_id,orders.sales_order,reference,precedent,yes,
control.partner_commission_line,partner_id,control.partner,child,convention,,
control.partner_commission_line,product_id,catalogue.product,reference,precedent,yes,
control.partner_commission_line,settlement_batch_id,control.partner_settlement_batch,reference,convention,,
control.partner_commission_line,via actOnPartnerSettlementBatch,control.partner_settlement_batch,ambient,lineage,,
control.partner_commission_rule,agreement_id,control.partner_agreement,reference,convention,,
control.partner_commission_rule,approval_request_id,approvals.request,reference,convention,yes,
control.partner_commission_rule,event_id,catalogue.event,reference,convention,yes,
control.partner_commission_rule,partner_id,control.partner,child,convention,,
control.partner_commission_rule,product_id,catalogue.product,reference,precedent,yes,
control.partner_commission_rule,venue_id,control.venue_type_template,reference,convention,,
control.partner_commission_rule_tier,partner_commission_rule_id,control.partner_commission_rule,child,declared,,yes
control.partner_contact,partner_id,control.partner,child,convention,,
control.partner_contact,principal_id,identity.principal,reference,convention,yes,
control.partner_contact,via createPartnerUser,control.partner_user,ambient,lineage,,
control.partner_contact,via setPartnerContact,control.partner_user,ambient,lineage,,
control.partner_credit_profile,agreement_id,control.partner_agreement,reference,convention,,
control.partner_credit_profile,approval_request_id,approvals.request,reference,convention,yes,
control.partner_credit_profile,credit_owner_principal_id,identity.principal,reference,convention,yes,
control.partner_credit_profile,partner_id,control.partner,child,convention,,
control.partner_distribution_right,event_id,catalogue.event,reference,convention,yes,
control.partner_distribution_right,partner_id,control.partner,child,convention,,
control.partner_distribution_right,venue_id,control.venue_type_template,reference,convention,,
control.partner_document,agreement_id,control.partner_agreement,reference,convention,,
control.partner_document,partner_id,control.partner,child,convention,,
control.partner_document,verified_by_principal_id,identity.principal,reference,convention,yes,
control.partner_rate,agreement_id,control.partner_agreement,reference,convention,,
control.partner_rate,approval_request_id,approvals.request,reference,convention,yes,
control.partner_rate,event_id,catalogue.event,reference,convention,yes,
control.partner_rate,partner_id,control.partner,child,convention,,
control.partner_rate,pricing_profile_id,rental.pricing_profile,reference,convention,yes,
control.partner_rate,product_id,catalogue.product,reference,precedent,yes,
control.partner_rate,venue_id,control.venue_type_template,reference,convention,,
control.partner_rate_volume_band,partner_rate_id,control.partner_rate,child,declared,,yes
control.partner_reconciliation_exception,assignee_principal_id,identity.principal,reference,convention,yes,
control.partner_reconciliation_exception,order_id,orders.sales_order,reference,precedent,yes,
control.partner_reconciliation_exception,partner_id,control.partner,child,convention,,
control.partner_scope_assignment,partner_id,control.partner,child,convention,,
control.partner_scope_assignment,venue_id,control.venue_type_template,reference,convention,,
control.partner_security,agreement_id,control.partner_agreement,reference,convention,,
control.partner_security,document_id,control.partner_document,reference,convention,,
control.partner_security,partner_id,control.partner,child,convention,,
control.partner_settlement_batch,legal_entity_id,ledger.legal_entity,reference,convention,yes,
control.partner_settlement_batch,partner_id,control.partner,child,convention,,
control.partner_status_history,approval_request_id,approvals.request,reference,convention,yes,
control.partner_status_history,partner_id,control.partner,child,convention,,
control.partner_status_history,requested_by_principal_id,identity.principal,reference,convention,yes,
control.partner_user,partner_id,control.partner,child,declared,,yes
control.partner_user,principal_id,identity.principal,reference,declared,yes,yes
control.release,created_by_principal_id,identity.principal,reference,convention,yes,
control.release_component,release_id,control.release,child,declared,,yes
control.rollout,approved_by_principal_id,identity.principal,reference,declared,yes,
control.rollout,reinventory_hold_id,wallet.hold,reference,convention,yes,
control.rollout,release_id,control.release,reference,declared,,yes
control.rollout,started_by_principal_id,identity.principal,reference,declared,yes,
control.rollout,via pauseRollout,control.rollout_cell,ambient,lineage,,
control.rollout,via rollbackRollout,control.rollout_cell,ambient,lineage,,
control.rollout_cell,cell_id,control.cell,reference,declared,,yes
control.rollout_cell,rollout_id,control.rollout,child,convention,,
control.rollout_tenant,cell_id,control.cell,reference,convention,,
control.rollout_tenant,tenant_id,control.tenant,reference,convention,,
control.sandbox,developer_id,control.developer_account,reference,convention,,
control.scaling_policy,cell_id,control.cell,reference,convention,,
control.support_notice,published_by_principal_id,identity.principal,reference,declared,yes,
control.tenant,account_manager_principal_id,identity.principal,reference,declared,yes,
control.tenant,region_id,platform.scope,reference,precedent,yes,
control.tenant,subscription_id,subscription.contract,reference,declared,yes,
control.tenant,termination_requested_by_principal_id,identity.principal,reference,convention,yes,
control.tenant,via suspendTenant,platform.outbox,ambient,lineage,yes,
control.tenant_migration,from_cell_id,control.cell,reference,convention,,
control.tenant_migration,plan_id,control.tenant_migration_plan,reference,declared,,yes
control.tenant_migration,tenant_id,control.tenant,child,declared,,yes
control.tenant_migration,to_cell_id,control.cell,reference,convention,,
control.tenant_migration_plan,from_cell_id,control.cell,reference,convention,,
control.tenant_migration_plan,tenant_id,control.tenant,child,declared,,yes
control.tenant_migration_plan,to_cell_id,control.cell,reference,convention,,
control.upgrade_schedule,tenant_id,control.tenant,reference,convention,,
control.usage_record,venue_id,platform.scope,reference,declared,yes,
control.waf_rule,cell_id,control.cell,reference,convention,,
control.webhook_delivery,subscription_id,control.webhook_subscription,reference,convention,,
control.webhook_subscription,client_id,control.api_client,reference,convention,,
embedded as attributes (jsonb) on orders.cart_line and orders.order_line,via exchangeOrderLines,embedded as window_starts_at and window_ends_at on orders.cart_line and orders.order_line,ambient,lineage,yes,
embedded as attributes (jsonb) on orders.cart_line and orders.order_line,via exchangeOrderLines,orders.order_event,ambient,lineage,yes,
embedded as attributes (jsonb) on orders.cart_line and orders.order_line,via exchangeOrderLines,orders.sales_order,ambient,lineage,yes,
embedded as attributes (jsonb) on orders.cart_line and orders.order_line,via syncOrders,embedded as window_starts_at and window_ends_at on orders.cart_line and orders.order_line,ambient,lineage,yes,
embedded as attributes (jsonb) on orders.cart_line and orders.order_line,via syncOrders,orders.sales_order,ambient,lineage,yes,
fnb.allergen_verdict,menu_item_id,fnb.menu_item,reference,convention,,
fnb.bill_split,visit_id,fnb.table_visit,reference,declared,,yes
fnb.cold_chain_event,corrective_action_id,fnb.corrective_action,reference,convention,,
fnb.cold_chain_event,goods_receipt_id,inventory.goods_receipt,reference,convention,yes,
fnb.cold_chain_event,transfer_id,inventory.transfer,reference,convention,yes,
fnb.cold_chain_event,via logColdChain,fnb.corrective_action,ambient,lineage,,
fnb.combo,outlet_id,platform.outlet,reference,convention,yes,
fnb.combo,via createCombo,fnb.combo_slot,ambient,lineage,,
fnb.combo_slot,combo_id,fnb.combo,child,convention,,
fnb.corrective_action,escalated_to_principal_id,identity.principal,reference,convention,yes,
fnb.corrective_action,raised_by_principal_id,identity.principal,reference,convention,yes,
fnb.corrective_action,signed_by_principal_id,identity.principal,reference,convention,yes,
fnb.corrective_action,via logTemperature,fnb.temperature_log,ambient,lineage,,
fnb.course_rule,outlet_id,platform.outlet,reference,convention,yes,
fnb.delivery_location,seat_id,seating.seat,reference,declared,yes,
fnb.delivery_location,table_id,fnb.dining_table,reference,declared,,
fnb.delivery_location,venue_id,platform.scope,reference,declared,yes,yes
fnb.delivery_location_outlet,location_id,fnb.delivery_location,child,declared,,
fnb.delivery_location_outlet,outlet_id,platform.outlet,reference,declared,yes,
fnb.delivery_policy,outlet_id,platform.outlet,reference,convention,yes,
fnb.dining_table,outlet_id,platform.outlet,reference,declared,yes,
fnb.dining_table,via setTableCombinations,fnb.table_combination,ambient,lineage,,
fnb.ingredient_substitute,from_inventory_item_id,inventory.item,reference,convention,yes,
fnb.ingredient_substitute,to_inventory_item_id,inventory.item,reference,convention,yes,
fnb.kitchen_exception,outlet_id,platform.outlet,reference,convention,yes,
fnb.kitchen_exception,raised_by_principal_id,identity.principal,reference,convention,yes,
fnb.kitchen_exception,station_id,fnb.kitchen_station,reference,convention,,
fnb.kitchen_exception,ticket_id,fnb.kitchen_ticket,reference,convention,,
fnb.kitchen_station,outlet_id,platform.outlet,reference,declared,yes,
fnb.kitchen_ticket,order_id,fnb.service_order,reference,convention,,
fnb.kitchen_ticket,outlet_id,platform.outlet,reference,declared,yes,yes
fnb.kitchen_ticket,prioritised_by_principal_id,identity.principal,reference,declared,yes,
fnb.kitchen_ticket,via createGuestFnbOrder,fnb.order_fulfilment,ambient,lineage,,
fnb.kitchen_ticket,via createGuestFnbOrder,fnb.service_order,ambient,lineage,,
fnb.kitchen_ticket,via moveTableVisit,fnb.table_visit,ambient,lineage,,
fnb.kitchen_ticket,via setKitchenTicketStatus,platform.outbox,ambient,lineage,yes,
fnb.kitchen_ticket_line,kitchen_ticket_id,fnb.kitchen_ticket,child,declared,,yes
fnb.kitchen_ticket_line,station_id,fnb.kitchen_station,reference,declared,,
fnb.kitchen_ticket_line,via refireItem,inventory.movement,ambient,lineage,yes,
fnb.location_session,location_id,fnb.delivery_location,reference,declared,,yes
fnb.location_session,outlet_id,platform.outlet,reference,declared,yes,
fnb.location_session,subject_id,pii.subject,reference,declared,yes,
fnb.location_session,venue_id,platform.scope,reference,declared,yes,
fnb.location_session,visit_id,fnb.table_visit,reference,declared,,
fnb.menu,outlet_id,platform.outlet,reference,declared,yes,yes
fnb.menu,via createMenu,fnb.menu_item,ambient,lineage,,
fnb.menu,via createMenu,fnb.menu_section,ambient,lineage,,
fnb.menu,via setMenuSections,fnb.menu_item,ambient,lineage,,
fnb.menu,via setMenuSections,fnb.menu_section,ambient,lineage,,
fnb.menu,via updateMenu,fnb.menu_item,ambient,lineage,,
fnb.menu,via updateMenu,fnb.menu_section,ambient,lineage,,
fnb.menu_item,menu_section_id,fnb.menu_section,reference,convention,,
fnb.menu_item,product_variant_id,catalogue.variant,reference,declared,yes,yes
fnb.menu_item,station_id,fnb.kitchen_station,reference,declared,,
fnb.menu_item_modifier,group_id,fnb.modifier_group,reference,convention,,
fnb.menu_item_modifier,item_id,fnb.menu_item,child,convention,,
fnb.menu_schedule,created_by_principal_id,identity.principal,reference,convention,yes,
fnb.menu_schedule,menu_id,fnb.menu,child,convention,,
fnb.menu_section,menu_id,fnb.menu,child,declared,,yes
fnb.menu_version,menu_id,fnb.menu,child,convention,,
fnb.menu_version,published_by_principal_id,identity.principal,reference,convention,yes,
fnb.modifier_group,via createModifierGroup,fnb.modifier_option,ambient,lineage,,
fnb.modifier_option,modifier_group_id,fnb.modifier_group,reference,declared,,yes
fnb.order_fulfilment,service_order_id,fnb.service_order,reference,convention,,
fnb.outlet_template,delivery_policy_id,fnb.delivery_policy,reference,convention,,
fnb.product_recommendation,source_product_id,fnb.product_recommendation,reference,convention,,
fnb.product_recommendation,source_variant_id,catalogue.variant,reference,convention,yes,
fnb.product_recommendation,target_product_id,fnb.product_recommendation,reference,convention,,
fnb.product_recommendation,target_variant_id,catalogue.variant,reference,convention,yes,
fnb.production_plan,based_on_suggestion_id,ai.suggestion,reference,convention,yes,
fnb.production_plan,outlet_id,platform.outlet,reference,convention,yes,
fnb.production_plan,via buildProductionPlan,fnb.production_plan_line,ambient,lineage,,
fnb.production_plan,via releaseProductionPlan,fnb.production_run,ambient,lineage,,
fnb.production_plan_line,production_plan_id,fnb.production_plan,child,declared,,yes
fnb.production_run,producing_outlet_id,platform.outlet,reference,convention,yes,
fnb.production_run,production_plan_id,fnb.production_plan,reference,convention,,
fnb.production_run,recipe_id,fnb.recipe,reference,declared,,yes
fnb.production_run,via completeProductionRun,inventory.movement,ambient,lineage,yes,
fnb.recipe,menu_item_id,fnb.menu_item,reference,declared,,yes
fnb.recipe,via setRecipe,fnb.recipe_ingredient,ambient,lineage,,
fnb.recipe_ingredient,inventory_item_id,inventory.item,reference,declared,yes,yes
fnb.recipe_ingredient,recipe_id,fnb.recipe,child,declared,,yes
fnb.reservation_policy,outlet_id,platform.outlet,reference,convention,yes,
fnb.reservation_table,reservation_id,fnb.table_reservation,reference,convention,,
fnb.reservation_table,table_id,fnb.dining_table,reference,declared,,yes
fnb.reservation_table,via createTableReservation,fnb.table_reservation,ambient,lineage,,
fnb.reservation_table,via createTableReservation,fnb.table_reservation (deposit_* columns; the money itself is orders.deposit),ambient,lineage,,
fnb.reservation_table,via updateTableReservation,fnb.table_reservation,ambient,lineage,,
fnb.reservation_table,via updateTableReservation,fnb.table_reservation (deposit_* columns; the money itself is orders.deposit),ambient,lineage,,
fnb.service_order,kitchen_ticket_id,fnb.kitchen_ticket,reference,declared,,
fnb.service_order,outlet_id,platform.outlet,reference,declared,yes,yes
fnb.service_order,sales_order_id,orders.sales_order,reference,convention,yes,
fnb.service_order,table_visit_id,fnb.table_visit,reference,declared,,
fnb.service_order,via closeTableVisit,fnb.table_visit,ambient,lineage,,
fnb.service_order,via createFnbOrder,fnb.service_order_line,ambient,lineage,,
fnb.service_order,via markOrderCollected,fnb.kitchen_ticket,ambient,lineage,,
fnb.service_order,via mergeTableVisits,fnb.table_visit,ambient,lineage,,
fnb.service_order,via openTableVisit,fnb.table_visit,ambient,lineage,,
fnb.service_order,via updateTableVisit,fnb.table_visit,ambient,lineage,,
fnb.service_order_line,menu_item_id,fnb.menu_item,reference,convention,,
fnb.service_order_line,service_order_id,fnb.service_order,child,declared,,yes
fnb.sold_out_item,called_by_principal_id,identity.principal,reference,convention,yes,
fnb.sold_out_item,menu_item_id,fnb.menu_item,reference,convention,,
fnb.sold_out_item,outlet_id,platform.outlet,reference,convention,yes,
fnb.sub_bill,bill_split_id,fnb.bill_split,reference,declared,,yes
fnb.sub_bill,visit_id,fnb.table_visit,reference,convention,,
fnb.substitution_rule,from_ingredient_id,fnb.recipe_ingredient,reference,convention,,
fnb.substitution_rule,recipe_id,fnb.recipe,reference,convention,,
fnb.substitution_rule,to_ingredient_id,fnb.recipe_ingredient,reference,convention,,
fnb.table_combination,outlet_id,platform.outlet,reference,convention,yes,
fnb.table_reservation,cart_line_id,orders.cart_line,reference,convention,yes,
fnb.table_reservation,deposit_id,fnb.table_reservation (deposit_* columns; the money itself is orders.deposit),reference,declared,,
fnb.table_reservation,group_id,fnb.modifier_group,reference,convention,,
fnb.table_reservation,outlet_id,platform.outlet,reference,declared,yes,yes
fnb.table_reservation,subject_id,pii.subject,reference,declared,yes,
fnb.table_reservation,table_visit_id,fnb.table_visit,reference,declared,,
fnb.table_reservation,variant_id,catalogue.variant,reference,convention,yes,
fnb.table_reservation,via seatTableReservation,fnb.table_session,ambient,lineage,,
fnb.table_reservation,via seatTableReservation,fnb.table_visit,ambient,lineage,,
fnb.table_reservation,via sendBookingConfirmation,marketing.message_dispatch,ambient,lineage,yes,
fnb.table_reservation (deposit_* columns; the money itself is orders.deposit),cart_line_id,orders.cart_line,reference,convention,yes,
fnb.table_reservation (deposit_* columns; the money itself is orders.deposit),variant_id,catalogue.variant,reference,convention,yes,
fnb.table_session,outlet_id,platform.outlet,reference,declared,yes,yes
fnb.table_session,subject_id,pii.subject,reference,declared,yes,
fnb.table_session,table_id,fnb.dining_table,reference,declared,,yes
fnb.table_session,visit_id,fnb.table_visit,reference,declared,,yes
fnb.table_visit,merged_into_visit_id,fnb.table_visit,reference,convention,,
fnb.table_visit,outlet_id,platform.outlet,reference,declared,yes,yes
fnb.table_visit,server_principal_id,identity.principal,reference,declared,yes,
fnb.table_visit,subject_id,pii.subject,reference,declared,yes,
fnb.table_visit,table_id,fnb.dining_table,reference,declared,,yes
fnb.table_visit,via transferOrderItems,orders.order_line,ambient,lineage,yes,
fnb.temperature_checkpoint,outlet_id,platform.outlet,reference,convention,yes,
fnb.temperature_log,corrective_action_id,fnb.corrective_action,reference,convention,,
fnb.temperature_log,recorded_by_principal_id,identity.principal,reference,convention,yes,
fnb.waitlist_entry,outlet_id,platform.outlet,reference,declared,yes,yes
fnb.waitlist_entry,subject_id,pii.subject,reference,declared,yes,
games.authorisation,entitlement_id,games.entitlement,reference,convention,,
games.card,subject_id,pii.subject,reference,declared,yes,
games.card,venue_id,platform.scope,reference,declared,yes,yes
games.credit_ledger,card_id,games.card,reference,declared,,yes
games.credit_ledger,via syncGamePlays,games.play,ambient,lineage,,
games.credit_ledger,via syncGamePlays,games.reader_sync_status,ambient,lineage,,
games.credit_ledger,via syncGamePlays,sync.rejection,ambient,lineage,yes,
games.game,asset_id,maintenance.asset,reference,declared,yes,
games.game,reader_id,games.reader,reference,convention,,
games.game,venue_id,platform.scope,reference,declared,yes,yes
games.gameplay_transaction,card_id,games.card,reference,convention,,
games.gameplay_transaction,entitlement_id,games.entitlement,reference,convention,,
games.gameplay_transaction,game_id,games.game,reference,convention,,
games.gameplay_transaction,reader_id,games.reader,reference,convention,,
games.kiosk_config,kiosk_device_id,platform.device,reference,convention,yes,
games.operational_config,game_id,games.game,reference,convention,,
games.play,game_id,games.game,reference,declared,,
games.pricing,game_id,games.game,reference,convention,,
games.pricing,via setGamePricing,games.pricing_exception,ambient,lineage,,
games.pricing_exception,game_id,games.game,reference,convention,,
games.prize,merchandise_id,retail.merchandise,reference,declared,yes,
games.prize,venue_id,platform.scope,reference,declared,yes,yes
games.prize_cost,inventory_item_id,inventory.item,reference,convention,yes,
games.prize_cost,prize_id,games.prize,child,convention,,
games.reader,device_id,platform.device,reference,convention,yes,
games.reader,game_id,games.game,reference,convention,,
games.reader,reader_profile_id,games.reader_profile,reference,convention,,
games.reader_deployment,reader_id,games.reader,child,convention,,
games.reader_sync_status,reader_id,games.reader,child,convention,,
games.redemption,issued_by_principal_id,identity.principal,reference,declared,yes,
games.redemption,venue_id,platform.scope,reference,declared,yes,
games.redemption,via redeemPrize,games.redemption_line,ambient,lineage,,
games.redemption_line,prize_id,games.prize,reference,declared,,
games.redemption_line,redemption_id,games.redemption,child,declared,,yes
games.redemption_rules,ticket_credit_type_id,wallet.credit_type,reference,convention,yes,
identity.access_decision,override_id,identity.access_override,reference,convention,,
identity.access_decision,principal_id,identity.principal,reference,convention,,
identity.access_override,principal_id,identity.principal,reference,convention,,
identity.access_policy_version,current_id,identity.access_policy,child,declared,,
identity.access_policy_version,policy_id,identity.access_policy,child,convention,,
identity.access_policy_version,previous_id,identity.access_policy,child,declared,,
identity.authz_audit,actor_principal_id,identity.principal,reference,declared,,
identity.authz_audit,subject_principal_id,identity.principal,reference,declared,,
identity.benefit_usage,customer_membership_id,identity.customer_membership,reference,convention,,
identity.benefit_usage,membership_benefit_id,catalogue.membership_benefit,reference,convention,yes,
identity.customer_membership,entitlement_template_id,catalogue.entitlement_template,reference,convention,yes,
identity.delegated_access,created_by_principal_id,identity.principal,reference,declared,,
identity.delegated_access,granted_by_principal_id,identity.principal,reference,declared,,yes
identity.delegated_access,over_subject_id,pii.subject,reference,convention,yes,
identity.delegated_access,permission_id,identity.permission,reference,convention,,
identity.delegated_access,principal_id,identity.principal,reference,declared,,
identity.delegated_access,revoked_by_principal_id,identity.principal,reference,declared,,
identity.delegated_access,role_id,identity.role,reference,declared,,
identity.delegated_access,scope_id,platform.scope,reference,declared,yes,yes
identity.delegated_access,subject_id,pii.subject,reference,declared,yes,
identity.guest_session,subject_id,pii.subject,reference,declared,yes,yes
identity.guest_session,via guestSocialLogin,pii.subject,ambient,lineage,yes,
identity.guest_session,via guestUaePassLogin,pii.subject,ambient,lineage,yes,
identity.guest_session,via guestUaePassLogin,pii.subject_document,ambient,lineage,yes,
identity.guest_session,via registerGuest,pii.subject,ambient,lineage,yes,
identity.guest_session,via registerGuest,pii.subject_contact,ambient,lineage,yes,
identity.guest_session,via verifyGuestOtp,pii.subject_contact,ambient,lineage,yes,
identity.membership_history,approval_request_id,approvals.request,reference,convention,yes,
identity.membership_history,changed_by_principal_id,identity.principal,reference,convention,,
identity.membership_history,customer_membership_id,identity.customer_membership,reference,convention,,
identity.membership_history,ends_episode_history_id,identity.membership_history,reference,convention,,
identity.mfa_challenge,principal_id,identity.principal,reference,declared,,yes
identity.mfa_challenge,via verifyMfaChallenge,identity.mfa_recovery_code,ambient,lineage,,
identity.mfa_challenge,via verifyMfaChallenge,identity.session,ambient,lineage,,
identity.mfa_method,principal_id,identity.principal,reference,declared,,
identity.mfa_method,via enrolMfaMethod,identity.mfa_recovery_code,ambient,lineage,,
identity.mfa_recovery_code,principal_id,identity.principal,reference,declared,,
identity.module,parent_module_id,identity.module,reference,convention,,
identity.module_access,granted_by_principal_id,identity.principal,reference,convention,,
identity.module_access,principal_id,identity.principal,reference,convention,,
identity.otp_challenge,subject_id,pii.subject,reference,declared,yes,yes
identity.otp_challenge,via verifyGuestEmail,marketing.message_dispatch,ambient,lineage,yes,
identity.otp_challenge,via verifyGuestEmail,pii.subject,ambient,lineage,yes,
identity.permission,module_id,identity.module,reference,convention,,
identity.platform_staff_grant,operator_principal_id,identity.principal,reference,convention,,
identity.principal,home_scope_id,platform.scope,reference,declared,yes,
identity.principal,primary_role_id,identity.role,reference,declared,,
identity.principal,via createPrincipal,identity.principal_credential,ambient,lineage,,
identity.principal_credential,principal_id,identity.principal,child,declared,,
identity.principal_credential,via changeOwnCredential,identity.session,ambient,lineage,,
identity.principal_credential,via resetPrincipalCredential,identity.session,ambient,lineage,,
identity.refresh_token,principal_id,identity.principal,reference,convention,,
identity.refresh_token,replaced_by_token_id,identity.refresh_token,reference,convention,,
identity.role,inherits_from_role_id,identity.role,reference,convention,,
identity.role_permission,granted_by_principal_id,identity.principal,reference,convention,,
identity.role_permission,role_id,identity.role,child,declared,,yes
identity.role_permission,via setRolePermissions,platform.audit_record,ambient,lineage,yes,
identity.session,principal_id,identity.principal,reference,declared,,yes
identity.sso_group_mapping,provider_id,identity.sso_provider,reference,declared,,
identity.sso_group_mapping,role_id,identity.role,reference,declared,,yes
identity.sso_group_mapping,scope_id,platform.scope,reference,declared,yes,
identity.sso_group_mapping,via setSsoConfig,identity.sso_provider,ambient,lineage,,
identity.sso_provider,client_id,control.api_client,reference,convention,yes,
inventory.count,journal_entry_id,ledger.journal_entry,reference,declared,yes,
inventory.count,location_id,inventory.location,reference,convention,,
inventory.count,posted_by_principal_id,identity.principal,reference,declared,yes,
inventory.count,recount_signed_by_principal_id,identity.principal,reference,convention,yes,
inventory.count,started_by_principal_id,identity.principal,reference,declared,yes,
inventory.count,via postStockCount,platform.outbox,ambient,lineage,yes,
inventory.count,via submitCountLines,inventory.count_line,ambient,lineage,,
inventory.count_line,batch_id,inventory.stock_batch,reference,convention,,
inventory.count_line,count_id,inventory.count,child,declared,,yes
inventory.count_line,counted_by_principal_id,identity.principal,reference,convention,yes,
inventory.count_line,item_id,inventory.item,reference,convention,,
inventory.count_line,location_id,inventory.location,reference,convention,,
inventory.goods_receipt,journal_entry_id,ledger.journal_entry,reference,declared,yes,
inventory.goods_receipt,location_id,inventory.location,reference,convention,,
inventory.goods_receipt,purchase_order_id,inventory.purchase_order,reference,declared,,yes
inventory.goods_receipt,received_by_principal_id,identity.principal,reference,declared,yes,yes
inventory.goods_receipt,via createGoodsReceipt,inventory.goods_receipt_line,ambient,lineage,,
inventory.goods_receipt,via createGoodsReceipt,platform.outbox,ambient,lineage,yes,
inventory.goods_receipt,via rejectReceivedGoods,inventory.goods_receipt_line,ambient,lineage,,
inventory.goods_receipt_line,goods_receipt_id,inventory.goods_receipt,child,declared,,yes
inventory.goods_receipt_line,item_id,inventory.item,reference,declared,,
inventory.item,preferred_supplier_id,inventory.supplier,reference,declared,,
inventory.item,venue_id,platform.scope,reference,declared,yes,yes
inventory.location,parent_location_id,inventory.location,reference,convention,,
inventory.location,venue_id,platform.scope,reference,declared,yes,yes
inventory.movement,cost_center_id,ledger.cost_center,reference,declared,yes,
inventory.movement,item_id,inventory.item,reference,declared,,yes
inventory.movement,journal_entry_id,ledger.journal_entry,reference,declared,yes,
inventory.movement,location_id,inventory.location,reference,convention,,
inventory.movement,principal_id,identity.principal,reference,declared,yes,yes
inventory.purchase_order,approval_request_id,approvals.request,reference,convention,yes,
inventory.purchase_order,deliver_to_location_id,inventory.location,reference,convention,,
inventory.purchase_order,quotation_id,inventory.quotation,reference,convention,,
inventory.purchase_order,raised_by_principal_id,identity.principal,reference,declared,yes,
inventory.purchase_order,requisition_id,inventory.requisition,reference,declared,,
inventory.purchase_order,supplier_id,inventory.supplier,reference,declared,,yes
inventory.purchase_order,venue_id,platform.scope,reference,declared,yes,
inventory.purchase_order,via createPurchaseOrder,inventory.purchase_order_line,ambient,lineage,,
inventory.purchase_order_line,item_id,inventory.item,reference,declared,,
inventory.purchase_order_line,purchase_order_id,inventory.purchase_order,child,declared,,yes
inventory.quotation,requisition_id,inventory.requisition,reference,declared,,yes
inventory.quotation,supplier_id,inventory.supplier,reference,declared,,yes
inventory.quotation,via recordQuotation,inventory.quotation_line,ambient,lineage,,
inventory.quotation_line,item_id,inventory.item,reference,declared,,yes
inventory.quotation_line,quotation_id,inventory.quotation,child,declared,,yes
inventory.requisition,approved_by_principal_id,identity.principal,reference,declared,yes,
inventory.requisition,cost_center_id,ledger.cost_center,reference,convention,yes,
inventory.requisition,department_id,platform.scope,reference,declared,yes,
inventory.requisition,raised_by_principal_id,identity.principal,reference,declared,yes,yes
inventory.requisition,venue_id,platform.scope,reference,declared,yes,yes
inventory.requisition,via createRequisition,inventory.requisition_line,ambient,lineage,,
inventory.requisition,via pauseWorkOrder,maintenance.work_order,ambient,lineage,yes,
inventory.requisition,via updateRequisitionLines,inventory.requisition_line,ambient,lineage,,
inventory.requisition_line,item_id,inventory.item,reference,declared,,
inventory.requisition_line,requisition_id,inventory.requisition,child,declared,,yes
inventory.serialised_item,batch_id,inventory.stock_batch,reference,convention,,
inventory.serialised_item,item_id,inventory.item,reference,convention,,
inventory.serialised_item,location_id,inventory.location,reference,convention,,
inventory.stock_batch,item_id,inventory.item,reference,declared,,yes
inventory.stock_batch,location_id,inventory.location,reference,declared,,yes
inventory.stock_batch,supplier_id,inventory.supplier,reference,declared,,
inventory.stock_level,item_id,inventory.item,reference,declared,,yes
inventory.stock_reservation,item_id,inventory.item,reference,convention,,
inventory.stock_reservation,location_id,inventory.location,reference,convention,,
inventory.supplier,account_id,ledger.account,reference,declared,yes,
inventory.supplier,via updateSupplier,platform.audit_record,ambient,lineage,yes,
inventory.supplier_contract,created_by_principal_id,identity.principal,reference,convention,yes,
inventory.supplier_contract,supplier_id,inventory.supplier,child,convention,,
inventory.transfer,close_short_signed_by_principal_id,identity.principal,reference,convention,yes,
inventory.transfer,dispatched_by_principal_id,identity.principal,reference,declared,yes,
inventory.transfer,from_location_id,inventory.location,reference,convention,,
inventory.transfer,received_by_principal_id,identity.principal,reference,declared,yes,
inventory.transfer,to_location_id,inventory.location,reference,convention,,
inventory.transfer,via createStockTransfer,inventory.transfer_line,ambient,lineage,,
inventory.transfer,via receiveStockTransfer,inventory.transfer_line,ambient,lineage,,
inventory.transfer_line,item_id,inventory.item,reference,declared,,
inventory.transfer_line,transfer_id,inventory.transfer,child,declared,,yes
ledger.account,legal_entity_id,ledger.legal_entity,reference,declared,,yes
ledger.account_mapping,credit_account_id,ledger.account,child,declared,,yes
ledger.account_mapping,debit_account_id,ledger.account,child,declared,,yes
ledger.account_mapping,venue_id,platform.scope,reference,declared,yes,
ledger.cost_center,venue_id,platform.scope,reference,declared,yes,
ledger.deposit,liability_account_id,ledger.account,reference,convention,,
ledger.deposit,order_id,orders.sales_order,reference,declared,yes,
ledger.deposit,subject_id,pii.subject,reference,declared,yes,
ledger.deposit,via recordDeposit,ledger.posting,ambient,lineage,,
ledger.deposit,via settleDeposit,ledger.posting,ambient,lineage,,
ledger.event_budget,cost_center_id,ledger.cost_center,reference,declared,,
ledger.event_budget,event_id,catalogue.event,reference,declared,yes,yes
ledger.fiscal_period,approval_request_id,approvals.request,reference,convention,yes,
ledger.fiscal_period,closed_by_principal_id,identity.principal,reference,declared,yes,
ledger.fiscal_period,legal_entity_id,ledger.legal_entity,reference,declared,,yes
ledger.fiscal_period,via closeFiscalPeriod,platform.outbox,ambient,lineage,yes,
ledger.fiscal_period_event,approver_principal_id,identity.principal,reference,convention,yes,
ledger.fiscal_period_event,fiscal_period_id,ledger.fiscal_period,child,declared,,yes
ledger.fiscal_period_event,principal_id,identity.principal,reference,convention,yes,
ledger.fx_provider_assignment,via setFxProvider,platform.region_settings,ambient,lineage,yes,
ledger.fx_rate,region_id,platform.scope,reference,declared,yes,yes
ledger.fx_rate,set_by_principal_id,identity.principal,reference,convention,yes,
ledger.inter_entity_obligation,entitlement_id,access.entitlement,reference,declared,yes,
ledger.inter_entity_obligation,from_legal_entity_id,ledger.legal_entity,reference,convention,,
ledger.inter_entity_obligation,order_id,orders.sales_order,reference,declared,yes,
ledger.inter_entity_obligation,to_legal_entity_id,ledger.legal_entity,reference,convention,,
ledger.journal_entry,approved_by_principal_id,identity.principal,reference,declared,yes,
ledger.journal_entry,fiscal_period_id,ledger.fiscal_period,reference,declared,,yes
ledger.journal_entry,posted_by_principal_id,identity.principal,reference,declared,yes,
ledger.journal_entry,rejected_by_principal_id,identity.principal,reference,convention,yes,
ledger.journal_entry,reversal_of_entry_id,ledger.journal_entry,reference,convention,,
ledger.journal_entry,reversed_by_entry_id,ledger.journal_entry,reference,convention,,
ledger.journal_entry,via approveJournalEntry,platform.outbox,ambient,lineage,yes,
ledger.journal_entry,via closeShift,orders.cash_count_line,ambient,lineage,yes,
ledger.journal_entry,via closeShift,orders.pos_shift,ambient,lineage,yes,
ledger.journal_entry,via createJournalEntry,ledger.journal_line,ambient,lineage,,
ledger.journal_line,account_id,ledger.account,reference,convention,,
ledger.journal_line,cost_center_id,ledger.cost_center,reference,convention,,
ledger.journal_line,journal_entry_id,ledger.journal_entry,reference,declared,,yes
ledger.journal_line,venue_id,platform.scope,reference,declared,yes,
ledger.posting,account_id,ledger.account,reference,declared,,yes
ledger.posting,cost_center_id,ledger.cost_center,reference,declared,,
ledger.posting,journal_entry_id,ledger.journal_entry,reference,declared,,yes
ledger.posting,venue_id,platform.scope,reference,declared,yes,
ledger.posting,via closeDepositBoxes,orders.cash_count_line,ambient,lineage,yes,
ledger.posting,via closeDepositBoxes,orders.deposit_box,ambient,lineage,yes,
ledger.posting,via recordSettlement,ledger.inter_entity_obligation,ambient,lineage,,
ledger.posting,via respondToChargeback,orders.chargeback,ambient,lineage,yes,
ledger.posting,via runFxRevaluation,ledger.journal_entry,ambient,lineage,,
ledger.posting,via runRecognition,ledger.journal_entry,ambient,lineage,,
ledger.price_variance,journal_entry_id,ledger.journal_entry,reference,declared,,
ledger.price_variance,order_id,orders.sales_order,reference,declared,yes,yes
ledger.price_variance,order_line_id,orders.order_line,reference,declared,yes,yes
ledger.price_variance,reviewed_by_principal_id,identity.principal,reference,declared,yes,
ledger.price_variance,variant_id,catalogue.variant,reference,declared,yes,
ledger.price_variance,venue_id,platform.scope,reference,declared,yes,yes
ledger.recognition_schedule,breakage_account_id,ledger.account,reference,declared,,
ledger.recognition_schedule,deferred_account_id,ledger.account,reference,declared,,
ledger.recognition_schedule,no_show_account_id,ledger.account,reference,convention,,
ledger.recognition_schedule,recognised_account_id,ledger.account,reference,declared,,
ledger.settlement,venue_id,platform.scope,reference,precedent,yes,
ledger.settlement,via ingestSettlementFile,payments.provider_cost,ambient,lineage,yes,
ledger.settlement_exception,payment_id,orders.payment,reference,declared,yes,
ledger.settlement_exception,resolved_by_principal_id,identity.principal,reference,declared,yes,
ledger.settlement_exception,settlement_id,ledger.settlement,child,declared,,yes
ledger.tax_code,account_id,ledger.account,reference,declared,,
ledger.tax_code,compound_on_tax_code_id,ledger.tax_code,reference,convention,,
ledger.tax_exemption,evidence_document_id,accreditation.document,reference,convention,yes,
ledger.tax_exemption,tax_code_id,ledger.tax_code,reference,declared,,yes
maintenance.asset,category_id,maintenance.asset_category,reference,convention,,
maintenance.asset,device_id,platform.device,reference,convention,yes,
maintenance.asset,linked_access_point_id,access.access_point,reference,declared,yes,
maintenance.asset,resource_id,resources.resource,reference,convention,yes,
maintenance.asset,supplier_id,inventory.supplier,reference,declared,yes,
maintenance.asset,venue_id,platform.scope,reference,declared,yes,yes
maintenance.asset,via createAsset,maintenance.asset_document,ambient,lineage,,
maintenance.asset,via importRentalCatalogue,rental.inventory_model,ambient,lineage,yes,
maintenance.asset,via importRentalCatalogue,rental.product,ambient,lineage,yes,
maintenance.asset,via updateAsset,maintenance.asset_document,ambient,lineage,,
maintenance.asset_category,icon_asset_id,assets.media_asset,reference,convention,yes,
maintenance.asset_category,parent_category_id,maintenance.asset_category,reference,convention,,
maintenance.asset_document,asset_id,maintenance.asset,child,convention,,
maintenance.asset_status_change,asset_id,maintenance.asset,child,convention,,
maintenance.asset_status_change,changed_by_principal_id,identity.principal,reference,convention,yes,
maintenance.asset_status_change,inspection_id,maintenance.inspection,reference,convention,,
maintenance.asset_status_change,work_order_id,maintenance.work_order,reference,convention,,
maintenance.incident,asset_id,maintenance.asset,reference,declared,,
maintenance.incident,assigned_to_principal_id,identity.principal,reference,declared,yes,
maintenance.incident,corrective_work_order_id,maintenance.work_order,reference,declared,,
maintenance.incident,reported_by_principal_id,identity.principal,reference,declared,yes,yes
maintenance.incident,venue_id,platform.scope,reference,declared,yes,yes
maintenance.incident_authority_notification,incident_id,maintenance.incident,child,convention,,
maintenance.incident_authority_notification,notified_by_principal_id,identity.principal,reference,convention,yes,
maintenance.incident_investigation_note,incident_id,maintenance.incident,child,convention,,
maintenance.incident_investigation_note,written_by_principal_id,identity.principal,reference,convention,yes,
maintenance.incident_involved_party,incident_id,maintenance.incident,child,convention,,
maintenance.incident_involved_party,principal_id,identity.principal,reference,convention,yes,
maintenance.incident_involved_party,subject_id,pii.subject,reference,convention,yes,
maintenance.inspection,asset_id,maintenance.asset,reference,declared,,
maintenance.inspection,performed_by_principal_id,identity.principal,reference,declared,yes,yes
maintenance.inspection,template_id,maintenance.inspection_template,reference,convention,,
maintenance.inspection,venue_id,platform.scope,reference,declared,yes,yes
maintenance.inspection,via submitInspection,maintenance.inspection_item,ambient,lineage,,
maintenance.inspection_item,inspection_id,maintenance.inspection,child,declared,,yes
maintenance.inspection_item,template_item_id,maintenance.inspection_template_item,reference,convention,,
maintenance.inspection_template,applies_to_asset_category_id,maintenance.asset_category,reference,convention,,
maintenance.inspection_template,venue_id,platform.scope,reference,declared,yes,
maintenance.inspection_template,via createInspectionTemplate,maintenance.inspection_template_item,ambient,lineage,,
maintenance.inspection_template_item,inspection_template_id,maintenance.inspection_template,child,declared,,yes
maintenance.preventive_plan,asset_category_id,maintenance.asset_category,reference,convention,,
maintenance.preventive_plan,asset_id,maintenance.asset,reference,declared,,yes
maintenance.work_order,asset_id,maintenance.asset,reference,declared,,
maintenance.work_order,assigned_to_principal_id,identity.principal,reference,declared,yes,
maintenance.work_order,category_id,maintenance.asset_category,reference,convention,,
maintenance.work_order,closed_by_principal_id,identity.principal,reference,convention,yes,
maintenance.work_order,completed_by_principal_id,identity.principal,reference,convention,yes,
maintenance.work_order,duplicate_of_work_order_id,maintenance.work_order,reference,convention,,
maintenance.work_order,raised_by_principal_id,identity.principal,reference,declared,yes,
maintenance.work_order,source_incident_id,maintenance.incident,reference,declared,,
maintenance.work_order,source_inspection_id,maintenance.inspection,reference,declared,,
maintenance.work_order,superseded_by_work_order_id,maintenance.work_order,reference,convention,,
maintenance.work_order,venue_id,platform.scope,reference,declared,yes,yes
maintenance.work_order,verified_by_principal_id,identity.principal,reference,convention,yes,
maintenance.work_order,via completeWorkOrder,platform.outbox,ambient,lineage,yes,
maintenance.work_order,via verifyWorkOrder,platform.outbox,ambient,lineage,yes,
maintenance.work_order_attachment,asset_ref,assets.media_asset,reference,declared,yes,
maintenance.work_order_attachment,captured_by_principal_id,identity.principal,reference,convention,yes,
maintenance.work_order_attachment,work_order_id,maintenance.work_order,child,declared,,yes
marketing.agent_availability,principal_id,identity.principal,reference,declared,yes,yes
marketing.agent_service_profile,principal_id,identity.principal,reference,convention,yes,
marketing.attribution_touch,campaign_id,marketing.campaign,reference,declared,,yes
marketing.attribution_touch,journey_id,marketing.journey,reference,declared,,
marketing.attribution_touch,order_id,orders.sales_order,reference,declared,yes,
marketing.attribution_touch,subject_id,pii.subject,reference,declared,yes,yes
marketing.audience_activation,approval_request_id,approvals.request,reference,convention,yes,
marketing.audience_activation,segment_id,marketing.segment,reference,convention,,
marketing.audience_list,asset_id,maintenance.asset,reference,convention,yes,
marketing.booking_consent_record,answered_by_principal_id,identity.principal,reference,convention,yes,
marketing.booking_consent_record,answered_by_subject_id,pii.subject,reference,convention,yes,
marketing.booking_consent_record,cart_id,orders.cart,reference,convention,yes,
marketing.booking_consent_record,cart_line_id,orders.cart_line,reference,convention,yes,
marketing.booking_consent_record,order_id,orders.sales_order,reference,precedent,yes,
marketing.booking_consent_record,order_line_id,orders.order_line,reference,convention,yes,
marketing.booking_consent_record,person_subject_id,pii.subject,reference,convention,yes,
marketing.business_event,via setBusinessEventMapping,marketing.message_trigger,ambient,lineage,,
marketing.business_event,via setBusinessEventMapping,marketing.message_trigger_condition,ambient,lineage,,
marketing.campaign,created_by_principal_id,identity.principal,reference,declared,yes,
marketing.campaign,segment_id,marketing.segment,reference,declared,,yes
marketing.campaign,venue_id,platform.scope,reference,declared,yes,
marketing.campaign,via createCampaign,marketing.segment_criterion,ambient,lineage,,
marketing.campaign,via stopCampaign,marketing.segment_criterion,ambient,lineage,,
marketing.campaign,via updateCampaign,marketing.segment_criterion,ambient,lineage,,
marketing.campaign_target,campaign_id,marketing.campaign,child,convention,,
marketing.case,assigned_to_principal_id,identity.principal,reference,declared,yes,
marketing.case,category_id,marketing.case_category,reference,convention,,
marketing.case,related_order_id,orders.sales_order,reference,declared,yes,
marketing.case,subject_id,pii.subject,reference,declared,yes,
marketing.case,venue_id,platform.scope,reference,declared,yes,
marketing.case,via closeConversation,marketing.conversation,ambient,lineage,,
marketing.case,via escalateCase,marketing.case_escalation,ambient,lineage,,
marketing.case,via matchLostItem,marketing.lost_item,ambient,lineage,,
marketing.case,via setCallDisposition,marketing.conversation,ambient,lineage,,
marketing.case_category,parent_category_id,marketing.case_category,reference,convention,,
marketing.case_compensation_request,approval_request_id,approvals.request,reference,convention,yes,
marketing.case_compensation_request,case_id,marketing.case,child,convention,,
marketing.case_compensation_request,order_id,orders.sales_order,reference,precedent,yes,
marketing.case_compensation_request,requested_by_principal_id,identity.principal,reference,convention,yes,
marketing.case_escalation,case_id,marketing.case,child,convention,,
marketing.case_escalation,escalated_by_principal_id,identity.principal,reference,convention,yes,
marketing.case_escalation,escalated_to_principal_id,identity.principal,reference,convention,yes,
marketing.case_internal_request,assignee_principal_id,identity.principal,reference,convention,yes,
marketing.case_internal_request,case_id,marketing.case,child,convention,,
marketing.case_internal_request,requested_by_principal_id,identity.principal,reference,convention,yes,
marketing.case_linked_record,case_id,marketing.case,child,convention,,
marketing.case_linked_record,linked_by_principal_id,identity.principal,reference,convention,yes,
marketing.case_message,author_principal_id,identity.principal,reference,declared,yes,
marketing.case_message,case_id,marketing.case,child,declared,,
marketing.case_resolution,case_id,marketing.case,child,convention,,
marketing.case_resolution,duplicate_of_case_id,marketing.case,child,convention,,
marketing.case_service_action,case_id,marketing.case,child,convention,,
marketing.case_service_action,order_id,orders.sales_order,reference,precedent,yes,
marketing.case_service_action,performed_by_principal_id,identity.principal,reference,convention,yes,
marketing.case_service_action,recipient_subject_id,pii.subject,reference,convention,yes,
marketing.case_service_action,target_performance_id,catalogue.performance,reference,convention,yes,
marketing.challenge,badge_asset_id,assets.media_asset,reference,convention,yes,
marketing.challenge_progress,challenge_id,marketing.challenge,child,declared,,yes
marketing.challenge_progress,subject_id,pii.subject,reference,declared,yes,yes
marketing.communication_policy_decision,subject_id,pii.subject,reference,convention,yes,
marketing.communication_policy_decision,via sendTransactionalMessage,marketing.message_dispatch,ambient,lineage,,
marketing.communication_policy_decision,via sendTransactionalMessage,marketing.message_dispatch_attempt,ambient,lineage,,
marketing.communication_provider,legal_entity_id,ledger.legal_entity,reference,convention,yes,
marketing.consent_propagation,consent_record_id,marketing.consent_record,reference,convention,,
marketing.consent_propagation,via recordConsent,marketing.consent_record,ambient,lineage,,
marketing.consent_propagation,via recordConsent,marketing.guest_profile,ambient,lineage,,
marketing.consent_purpose,tenant_id,platform.tenant,reference,declared,yes,yes
marketing.consent_purpose,via setConsentPurposes,marketing.consent_purpose_channel,ambient,lineage,,
marketing.consent_purpose_channel,consent_purpose_id,marketing.consent_purpose,child,declared,,yes
marketing.consent_question,via createConsentQuestion,marketing.consent_question_version,ambient,lineage,,
marketing.consent_question,via updateConsentQuestion,marketing.consent_question_version,ambient,lineage,,
marketing.consent_question_version,question_id,marketing.consent_question,child,convention,,
marketing.consent_record,recorded_by_principal_id,identity.principal,reference,declared,yes,
marketing.consent_record,subject_id,pii.subject,reference,declared,yes,yes
marketing.consent_record,via storePaymentToken,payments.token,ambient,lineage,yes,
marketing.consent_record,via submitForm,marketing.form_submission,ambient,lineage,,
marketing.consent_record,via submitForm,marketing.waiver_requirement,ambient,lineage,,
marketing.consent_record,via submitForm,marketing.waiver_requirement_event,ambient,lineage,,
marketing.consent_record_channel,consent_record_id,marketing.consent_record,child,declared,,yes
marketing.contact_automation,approved_by_principal_id,identity.principal,reference,convention,yes,
marketing.contact_automation,owner_principal_id,identity.principal,reference,convention,yes,
marketing.conversation,assigned_principal_id,identity.principal,reference,declared,yes,
marketing.conversation,assist_session_id,marketing.kiosk_assist_session,reference,convention,,
marketing.conversation,case_id,marketing.case,reference,declared,,
marketing.conversation,subject_id,pii.subject,reference,declared,yes,
marketing.conversation,venue_id,platform.scope,reference,declared,yes,
marketing.conversation,via handoverToAgent,platform.outbox,ambient,lineage,yes,
marketing.conversation,via sendConversationMessage,marketing.conversation_message,ambient,lineage,,
marketing.conversation,via sendConversationMessage,marketing.conversation_message_attachment,ambient,lineage,,
marketing.conversation_message,ai_interaction_id,ai.activity,reference,declared,yes,
marketing.conversation_message,conversation_id,marketing.conversation,child,declared,,yes
marketing.conversation_message,sender_principal_id,identity.principal,reference,convention,yes,
marketing.conversation_message_attachment,asset_id,maintenance.asset,reference,convention,yes,
marketing.conversation_message_attachment,conversation_message_id,marketing.conversation_message,child,declared,,yes
marketing.cookie_banner_design,logo_asset_id,assets.media_asset,reference,convention,yes,
marketing.customer_badge,badge_id,marketing.badge,reference,convention,,
marketing.customer_badge,challenge_id,marketing.challenge,reference,convention,,
marketing.feedback_classification,case_id,marketing.case,reference,convention,,
marketing.feedback_classification,form_submission_id,marketing.form_submission,reference,convention,,
marketing.feedback_classification,review_id,marketing.review,reference,convention,,
marketing.form_definition,via createForm,marketing.form_definition_field,ambient,lineage,,
marketing.form_definition_field,consent_purpose_id,marketing.consent_purpose,reference,convention,,
marketing.form_definition_field,form_definition_id,marketing.form_definition,child,declared,,yes
marketing.form_definition_field,via setDynamicFieldQuestion,marketing.waiver_field_rule,ambient,lineage,,
marketing.form_submission,on_behalf_of_subject_id,pii.subject,reference,convention,yes,
marketing.form_submission,signature_asset_id,assets.media_asset,reference,convention,yes,
marketing.form_submission,subject_id,pii.subject,reference,declared,yes,yes
marketing.guest_device,subject_id,pii.subject,reference,declared,yes,yes
marketing.guest_document,consent_purpose_id,marketing.consent_purpose,reference,declared,,
marketing.guest_document,subject_id,pii.subject,reference,declared,yes,yes
marketing.guest_document,uploaded_by_principal_id,identity.principal,reference,convention,yes,
marketing.guest_extra_field,tenant_id,platform.tenant,reference,convention,yes,
marketing.guest_extra_field,via setGuestExtraFields,marketing.guest_extra_option,ambient,lineage,,
marketing.guest_match_decision,cart_id,orders.cart,reference,convention,yes,
marketing.guest_match_decision,matched_profile_id,marketing.guest_profile,reference,convention,,
marketing.guest_match_decision,via decideGuestCheckoutMatch,orders.cart,ambient,lineage,yes,
marketing.guest_note,author_principal_id,identity.principal,reference,convention,yes,
marketing.guest_note,subject_id,pii.subject,reference,convention,yes,
marketing.guest_preference,subject_id,pii.subject,reference,convention,yes,
marketing.guest_preference,via updateGuestPreferences,marketing.guest_profile,ambient,lineage,,
marketing.guest_profile,guest_link_id,platform.guest_link,reference,declared,yes,
marketing.guest_profile,loyalty_position_id,marketing.loyalty_position,reference,declared,,
marketing.guest_profile,merged_into_subject_id,pii.subject,reference,convention,yes,
marketing.guest_profile,segment_id,marketing.segment,reference,declared,,yes
marketing.guest_profile,subject_id,pii.subject,reference,declared,yes,yes
marketing.guest_profile,via mergeGuests,pii.subject,ambient,lineage,yes,
marketing.guest_profile,via runDataRetention,marketing.privacy_action,ambient,lineage,,
marketing.guest_profile,via runDataRetention,marketing.privacy_audit_event,ambient,lineage,,
marketing.guest_profile,via updateGuestProfile,marketing.loyalty_position,ambient,lineage,,
marketing.guest_profile,via updateMyProfile,pii.subject,ambient,lineage,yes,
marketing.guest_relationship,related_subject_id,pii.subject,reference,convention,yes,
marketing.invitation,cost_center_id,ledger.cost_center,reference,declared,yes,
marketing.invitation,issued_by_principal_id,identity.principal,reference,convention,yes,
marketing.invitation,offered_by_principal_id,identity.principal,reference,convention,yes,
marketing.invitation,performance_id,catalogue.performance,reference,declared,yes,
marketing.invitation,product_id,catalogue.product,reference,declared,yes,yes
marketing.invitation_campaign,product_id,catalogue.product,reference,declared,yes,
marketing.journey,via createJourney,marketing.journey_step,ambient,lineage,,
marketing.journey_enrollment,journey_id,marketing.journey,child,convention,,
marketing.journey_enrollment,step_id,marketing.journey_step,reference,convention,,
marketing.journey_enrollment,subject_id,pii.subject,reference,convention,yes,
marketing.journey_step,campaign_id,marketing.campaign,reference,convention,,
marketing.journey_step,failure_journey_step_id,marketing.journey_step,reference,convention,,
marketing.journey_step,journey_id,marketing.journey,child,declared,,yes
marketing.journey_step,message_template_id,marketing.message_template,reference,convention,,
marketing.journey_step,next_journey_step_id,marketing.journey_step,reference,convention,,
marketing.kiosk_assist_session,cart_id,orders.cart,reference,declared,yes,
marketing.kiosk_assist_session,staff_principal_id,identity.principal,reference,declared,yes,yes
marketing.kiosk_assist_session,venue_id,platform.scope,reference,declared,yes,
marketing.legal_hold,approved_by_principal_id,identity.principal,reference,convention,yes,
marketing.legal_hold,hold_id,wallet.hold,reference,convention,yes,
marketing.legal_hold,owner_principal_id,identity.principal,reference,convention,yes,
marketing.legal_hold,placed_by_principal_id,identity.principal,reference,convention,yes,
marketing.lost_item,case_id,marketing.case,reference,convention,,
marketing.lost_item,matched_item_id,marketing.lost_item,reference,convention,,
marketing.lost_item,reported_by_subject_id,pii.subject,reference,convention,yes,
marketing.lost_item,venue_id,platform.scope,reference,declared,yes,yes
marketing.loyalty_campaign,campaign_id,marketing.campaign,reference,convention,,
marketing.loyalty_points,author_principal_id,identity.principal,reference,convention,yes,
marketing.loyalty_points,reversed_loyalty_points_id,marketing.loyalty_points,reference,convention,,
marketing.loyalty_points,via adjustLoyaltyPoints,marketing.loyalty_position,ambient,lineage,,
marketing.loyalty_position,programme_id,marketing.loyalty_programme,reference,declared,,yes
marketing.loyalty_position,subject_id,pii.subject,reference,declared,yes,yes
marketing.loyalty_position,tier_id,marketing.programme_tier,reference,convention,,
marketing.loyalty_position,via redeemLoyaltyPoints,orders.stored_value_authorisation,ambient,lineage,yes,
marketing.loyalty_programme,points_liability_account_id,ledger.account,reference,declared,yes,
marketing.loyalty_programme,venue_id,platform.scope,reference,declared,yes,
marketing.loyalty_programme,via createLoyaltyProgramme,marketing.points_earning_rule,ambient,lineage,,
marketing.loyalty_programme,via createLoyaltyProgramme,marketing.programme_tier,ambient,lineage,,
marketing.loyalty_rule,campaign_id,marketing.campaign,reference,convention,,
marketing.loyalty_rule,points_earning_rule_id,marketing.points_earning_rule,reference,convention,,
marketing.loyalty_rule,reward_id,marketing.reward,reference,convention,,
marketing.loyalty_rule,via setLoyaltyRules,marketing.points_redemption_rule,ambient,lineage,,
marketing.loyalty_rule,via setLoyaltyRules,marketing.programme_tier,ambient,lineage,,
marketing.message_delivery,campaign_id,marketing.campaign,reference,declared,,yes
marketing.message_dispatch,campaign_id,marketing.campaign,reference,declared,,
marketing.message_dispatch,message_trigger_id,marketing.message_trigger,reference,convention,,
marketing.message_dispatch,subject_id,pii.subject,reference,declared,yes,yes
marketing.message_dispatch,template_id,marketing.message_template,reference,convention,,
marketing.message_dispatch,via actOnWaiverRequirements,marketing.waiver_requirement,ambient,lineage,,
marketing.message_dispatch,via actOnWaiverRequirements,marketing.waiver_requirement_event,ambient,lineage,,
marketing.message_dispatch,via broadcastToGuests,workforce.announcement,ambient,lineage,yes,
marketing.message_dispatch,via createPaymentLink,orders.sales_order,ambient,lineage,yes,
marketing.message_dispatch,via resendPaymentLink,orders.payment_link,ambient,lineage,yes,
marketing.message_dispatch_attempt,communication_provider_id,marketing.communication_provider,reference,convention,,
marketing.message_dispatch_attempt,message_dispatch_id,marketing.message_dispatch,child,convention,,
marketing.message_template,provider_template_id,marketing.message_template,reference,convention,,
marketing.message_template,tenant_id,platform.tenant,reference,declared,yes,yes
marketing.message_template,via createMessageTemplate,marketing.message_template_version,ambient,lineage,,
marketing.message_template_version,message_template_id,marketing.message_template,child,convention,,
marketing.message_template_version,published_by_principal_id,identity.principal,reference,convention,yes,
marketing.message_trigger,template_id,marketing.message_template,reference,convention,,
marketing.message_trigger_condition,message_trigger_id,marketing.message_trigger,child,convention,,
marketing.points_earning_rule,loyalty_programme_id,marketing.loyalty_programme,reference,declared,,yes
marketing.points_redemption_rule,product_id,catalogue.product,reference,declared,yes,
marketing.privacy_action,dsar_request_id,platform.dsar_request,reference,convention,yes,
marketing.privacy_action,evidence_asset_id,assets.media_asset,reference,convention,yes,
marketing.privacy_action,request_id,marketing.privacy_request,reference,convention,,
marketing.privacy_action,retention_run_id,marketing.retention_run,reference,convention,,
marketing.privacy_action,subject_id,pii.subject,reference,convention,yes,
marketing.privacy_audit_event,actor_principal_id,identity.principal,reference,convention,yes,
marketing.privacy_audit_event,related_case_id,marketing.case,reference,convention,,
marketing.privacy_audit_event,related_request_id,marketing.privacy_request,reference,convention,,
marketing.privacy_audit_event,subject_id,pii.subject,reference,convention,yes,
marketing.privacy_change_set,approval_request_id,approvals.request,reference,convention,yes,
marketing.privacy_exception,owner_principal_id,identity.principal,reference,convention,yes,
marketing.privacy_exception,privacy_incident_id,marketing.privacy_incident,reference,convention,,
marketing.privacy_exception,subject_id,pii.subject,reference,convention,yes,
marketing.privacy_export_package,request_id,marketing.privacy_request,reference,convention,,
marketing.privacy_notice_governance,approval_request_id,approvals.request,reference,convention,yes,
marketing.privacy_notice_governance,approved_by_principal_id,identity.principal,reference,convention,yes,
marketing.privacy_notice_governance,owner_principal_id,identity.principal,reference,convention,yes,
marketing.privacy_request,case_id,marketing.case,reference,convention,,
marketing.privacy_request,dsar_request_id,platform.dsar_request,reference,convention,yes,
marketing.privacy_request,owner_principal_id,identity.principal,reference,convention,yes,
marketing.privacy_request,requester_subject_id,pii.subject,reference,convention,yes,
marketing.privacy_request,subject_id,pii.subject,reference,convention,yes,
marketing.privacy_request_deadline,privacy_request_type_id,marketing.privacy_request_type,reference,declared,,yes
marketing.privacy_request_deadline,via setPrivacyRequestTypes,marketing.privacy_request_type,ambient,lineage,,
marketing.programme_tier,loyalty_programme_id,marketing.loyalty_programme,reference,declared,,yes
marketing.quality_evaluation,agent_principal_id,identity.principal,reference,convention,yes,
marketing.quality_evaluation,case_id,marketing.case,reference,convention,,
marketing.quality_evaluation,conversation_id,marketing.conversation,reference,convention,,
marketing.quality_evaluation,evaluator_principal_id,identity.principal,reference,convention,yes,
marketing.referral,referee_reward_id,marketing.reward,reference,convention,,
marketing.referral,referee_subject_id,pii.subject,reference,convention,yes,
marketing.referral,referrer_reward_id,marketing.reward,reference,convention,,
marketing.referral,referrer_subject_id,pii.subject,reference,convention,yes,
marketing.retention_run,evidence_asset_id,assets.media_asset,reference,convention,yes,
marketing.retention_run,policy_id,marketing.retention_policy,reference,convention,,
marketing.review,opened_case_id,marketing.case,reference,declared,,
marketing.review,related_order_id,orders.sales_order,reference,declared,yes,
marketing.review,responded_by_principal_id,identity.principal,reference,declared,yes,
marketing.review,subject_id,pii.subject,reference,declared,yes,
marketing.review,venue_id,platform.scope,reference,declared,yes,yes
marketing.review_response,responded_by_principal_id,identity.principal,reference,convention,yes,
marketing.review_response,review_id,marketing.review,child,convention,,
marketing.reward,product_id,catalogue.product,reference,declared,yes,
marketing.reward_assignment,reward_id,marketing.reward,child,convention,,
marketing.segment,venue_id,platform.scope,reference,declared,yes,
marketing.segment,via createSegment,marketing.segment_criterion,ambient,lineage,,
marketing.segment_criterion,segment_id,marketing.segment,child,declared,,yes
marketing.sender_identity,legal_entity_id,ledger.legal_entity,reference,convention,yes,
marketing.sender_identity,provider_id,marketing.communication_provider,reference,convention,,
marketing.subscription,subject_id,pii.subject,reference,convention,yes,
marketing.suppression,suppressed_by_principal_id,identity.principal,reference,declared,yes,
marketing.touch_point,campaign_id,marketing.campaign,reference,declared,,
marketing.touch_point,journey_id,marketing.journey,reference,declared,,
marketing.touch_point,order_id,orders.sales_order,reference,declared,yes,
marketing.touch_point,subject_id,pii.subject,reference,declared,yes,yes
marketing.waiver_association,overrides_association_id,marketing.waiver_association,reference,convention,,
marketing.waiver_exception,performance_id,catalogue.performance,reference,convention,yes,
marketing.waiver_exception,requirement_id,marketing.waiver_requirement,reference,convention,,
marketing.waiver_exception,via setWaiverException,marketing.waiver_requirement_event,ambient,lineage,,
marketing.waiver_field_rule,form_definition_field_id,marketing.form_definition_field,reference,declared,,yes
marketing.waiver_master,business_owner_user_id,control.partner_user,reference,convention,yes,
marketing.waiver_master,compliance_owner_user_id,control.partner_user,reference,convention,yes,
marketing.waiver_master,legal_entity_id,ledger.legal_entity,reference,convention,yes,
marketing.waiver_master,legal_reviewer_user_id,control.partner_user,reference,convention,yes,
marketing.waiver_master,operational_owner_user_id,control.partner_user,reference,convention,yes,
marketing.waiver_master,owner_user_id,control.partner_user,reference,convention,yes,
marketing.waiver_requirement,form_definition_id,marketing.form_definition,reference,convention,,
marketing.waiver_requirement,form_submission_id,marketing.form_submission,reference,convention,,
marketing.waiver_requirement,group_booking_id,orders.group_booking,reference,convention,yes,
marketing.waiver_requirement,order_id,orders.sales_order,reference,precedent,yes,
marketing.waiver_requirement,order_line_id,orders.order_line,reference,convention,yes,
marketing.waiver_requirement,participant_subject_id,pii.subject,reference,convention,yes,
marketing.waiver_requirement,performance_id,catalogue.performance,reference,convention,yes,
marketing.waiver_requirement,product_id,catalogue.product,reference,precedent,yes,
marketing.waiver_requirement,signatory_subject_id,pii.subject,reference,convention,yes,
marketing.waiver_requirement,venue_id,platform.scope,reference,precedent,yes,
marketing.waiver_requirement,via setWaiverVerificationValidation,marketing.waiver_requirement_event,ambient,lineage,,
marketing.waiver_requirement,via setWaiverVerificationValidation,marketing.waiver_verification,ambient,lineage,,
marketing.waiver_requirement_event,message_dispatch_id,marketing.message_dispatch,reference,convention,,
marketing.waiver_requirement_event,waiver_requirement_id,marketing.waiver_requirement,child,convention,,
marketing.waiver_signatory_rule,via setSignatorySignatureGuardian,marketing.waiver_signatory_rule (guardian threshold and flag on marketing.form_definition),ambient,lineage,,
marketing.waiver_signature,template_id,marketing.message_template,reference,convention,,
marketing.waiver_verification,submission_id,marketing.form_submission,reference,convention,,
marketing.wishlist_item,performance_id,catalogue.performance,reference,declared,yes,
marketing.wishlist_item,subject_id,pii.subject,reference,declared,yes,yes
marketing.wishlist_item,variant_id,catalogue.variant,reference,declared,yes,yes
orders.after_sale_policy,customer_segment_id,marketing.segment,reference,convention,yes,
orders.after_sale_policy,performance_id,catalogue.performance,reference,convention,yes,
orders.after_sale_policy,product_id,catalogue.product,reference,precedent,yes,
orders.after_sale_policy,via setCancellationPartialPolicy,orders.after_sale_policy_window,ambient,lineage,,
orders.after_sale_policy_window,after_sale_policy_id,orders.after_sale_policy,child,declared,,yes
orders.after_sale_request,after_sale_policy_id,orders.after_sale_policy,reference,declared,,
orders.after_sale_request,decided_by_principal_id,identity.principal,reference,convention,yes,
orders.after_sale_request,group_booking_id,orders.group_booking,reference,declared,,
orders.after_sale_request,order_id,orders.sales_order,reference,convention,,
orders.after_sale_request,order_line_id,orders.order_line,reference,convention,,
orders.after_sale_request,refund_id,orders.refund,reference,convention,,
orders.after_sale_request,requested_by_principal_id,identity.principal,reference,convention,yes,
orders.after_sale_request,reservation_id,orders.reservation,reference,convention,,
orders.b2b_credit,account_id,ledger.account,reference,declared,yes,yes
orders.b2b_credit,via overrideCreditLimit,orders.credit_override,ambient,lineage,,
orders.cart,subject_id,pii.subject,reference,declared,yes,
orders.cart,venue_id,platform.scope,reference,declared,yes,yes
orders.cart,via checkoutCart,orders.order_line,ambient,lineage,,
orders.cart,via checkoutCart,orders.sales_order,ambient,lineage,,
orders.cart,via claimCart,orders.cart_line,ambient,lineage,,
orders.cart_line,attributes_id,embedded as attributes (jsonb) on orders.cart_line and orders.order_line,reference,declared,yes,
orders.cart_line,booked_window_id,embedded as window_starts_at and window_ends_at on orders.cart_line and orders.order_line,reference,declared,yes,
orders.cart_line,cart_id,orders.cart,child,declared,,yes
orders.cart_line,inventory_hold_id,catalogue.inventory_hold,reference,declared,yes,
orders.cart_line,parent_line_id,orders.cart_line,reference,convention,,
orders.cart_line,performance_id,catalogue.performance,reference,declared,yes,
orders.cart_line,resource_hold_id,resources.resource_hold,reference,convention,yes,
orders.cart_line,table_reservation_id,fnb.table_reservation,reference,convention,yes,
orders.cart_line,variant_id,catalogue.variant,reference,declared,yes,yes
orders.cash_count_line,cash_movement_id,orders.cash_movement,reference,convention,,
orders.cash_count_line,denomination_id,platform.denomination,reference,convention,yes,
orders.cash_count_line,deposit_box_id,orders.deposit_box,reference,convention,,
orders.cash_count_line,shift_id,orders.pos_shift,reference,declared,,yes
orders.cash_count_line,via createCashMovement,orders.cash_movement,ambient,lineage,,
orders.cash_count_line,via openShift,orders.pos_shift,ambient,lineage,,
orders.cash_movement,authorised_by_principal_id,identity.principal,reference,declared,yes,yes
orders.cash_movement,deposit_box_id,orders.deposit_box,reference,convention,,
orders.cash_movement,shift_id,orders.pos_shift,reference,declared,,yes
orders.cash_movement,via adjustDepositBoxFloat,orders.deposit_box,ambient,lineage,,
orders.cash_movement,via allocateDepositBox,orders.deposit_box,ambient,lineage,,
orders.cash_movement,via allocateDepositBox,orders.deposit_box_foreign_holding,ambient,lineage,,
orders.cash_movement,via allocateDepositBox,orders.deposit_box_opening_denomination,ambient,lineage,,
orders.cash_movement,via withdrawFromDepositBox,orders.deposit_box,ambient,lineage,,
orders.cash_movement,witness_principal_id,identity.principal,reference,convention,yes,
orders.chargeback,payment_id,orders.payment,reference,declared,,yes
orders.credit_override,authorised_by_principal_id,identity.principal,reference,convention,yes,
orders.credit_override,b2b_credit_id,orders.b2b_credit,reference,declared,,yes
orders.credit_override,order_id,orders.sales_order,reference,declared,,
orders.deposit,order_id,orders.sales_order,reference,declared,,yes
orders.deposit,rental_agreement_id,rental.agreement,reference,convention,yes,
orders.deposit,table_reservation_id,fnb.table_reservation,reference,convention,yes,
orders.deposit_box,cashier_principal_id,identity.principal,reference,declared,yes,yes
orders.deposit_box,closed_by_principal_id,identity.principal,reference,convention,yes,
orders.deposit_box,shift_id,orders.pos_shift,reference,declared,,
orders.deposit_box,venue_id,platform.scope,reference,declared,yes,yes
orders.deposit_box,workstation_id,platform.workstation,reference,declared,yes,
orders.deposit_box_foreign_holding,deposit_box_id,orders.deposit_box,child,declared,,yes
orders.deposit_box_opening_denomination,denomination_id,platform.denomination,reference,convention,yes,
orders.deposit_box_opening_denomination,deposit_box_id,orders.deposit_box,child,declared,,yes
orders.deposit_policy,dining_id,orders.deposit_policy (dining_* columns),reference,declared,,
orders.deposit_policy,via setDepositPolicy,orders.deposit_policy (dining_* columns),ambient,lineage,,
orders.deposit_policy (dining_* columns),deposit_variant_id,catalogue.variant,reference,convention,yes,
orders.discount,order_id,orders.sales_order,reference,declared,,yes
orders.discount,promotion_id,promotions.promotion,reference,convention,yes,
orders.external_reference_mapping,created_by_principal_id,identity.principal,reference,convention,yes,
orders.external_reference_mapping,merchant_id,payments.merchant_account,reference,convention,yes,
orders.external_reference_mapping,order_id,orders.sales_order,reference,convention,,
orders.external_reference_mapping,partner_order_id,orders.sales_order,reference,convention,,
orders.external_reference_mapping,payment_id,orders.payment,reference,convention,,
orders.external_reference_mapping,refund_id,orders.refund,reference,convention,,
orders.group_booking,leader_subject_id,pii.subject,reference,convention,yes,
orders.group_booking,order_id,orders.sales_order,reference,declared,,yes
orders.group_booking,via createGroupBooking,orders.group_quote,ambient,lineage,,
orders.group_booking,via requestGroupBooking,orders.sales_order,ambient,lineage,,
orders.group_customer_organization_contact,group_customer_organization_id,orders.group_customer_organization,child,declared,,yes
orders.group_enquiry,organisation_id,orders.group_customer_organization,reference,declared,,
orders.group_enquiry,sales_owner_principal_id,identity.principal,reference,convention,yes,
orders.group_participant,group_participant_list_id,orders.group_participant_list,reference,declared,,yes
orders.group_participant_list,group_booking_id,orders.group_booking,reference,convention,,
orders.group_payment_milestone,group_payment_schedule_id,orders.group_payment_schedule,reference,declared,,yes
orders.group_payment_schedule,group_booking_id,orders.group_booking,reference,convention,,
orders.group_quote,contact_id,orders.group_customer_organization_contact,reference,declared,,
orders.group_quote,created_by_principal_id,identity.principal,reference,convention,yes,
orders.group_quote,discount_decided_by_principal_id,identity.principal,reference,convention,yes,
orders.group_quote,enquiry_id,orders.group_enquiry,reference,declared,,yes
orders.group_quote,group_booking_id,orders.group_booking,reference,declared,,
orders.group_quote,group_package_id,catalogue.group_package,reference,convention,yes,
orders.group_quote,organisation_id,orders.group_customer_organization,reference,declared,,
orders.group_quote,sales_owner_principal_id,identity.principal,reference,convention,yes,
orders.group_quote,via setGroupPackageExperience,orders.group_quote_line,ambient,lineage,,
orders.group_quote,via setGroupQuotationProposal,orders.group_quote_line,ambient,lineage,,
orders.group_quote_line,group_quote_id,orders.group_quote,child,declared,,yes
orders.group_quote_line,product_id,catalogue.product,reference,precedent,yes,
orders.group_task,depends_on_task_id,orders.group_task,reference,declared,,
orders.group_task,group_booking_id,orders.group_booking,reference,declared,,yes
orders.group_task,owner_principal_id,identity.principal,reference,convention,yes,
orders.group_task,via setGroupOperationalPlanning,orders.group_visit_plan,ambient,lineage,,
orders.group_ticket_allocation,group_booking_id,orders.group_booking,reference,convention,,
orders.group_ticket_allocation_line,group_ticket_allocation_id,orders.group_ticket_allocation,child,declared,,yes
orders.group_ticket_allocation_line,participant_id,orders.group_participant,reference,convention,,
orders.group_ticket_allocation_line,product_id,catalogue.product,reference,precedent,yes,
orders.group_ticket_allocation_line,zone_id,seating.zone,reference,convention,yes,
orders.group_ticket_fulfillment,group_booking_id,orders.group_booking,reference,convention,,
orders.group_visit_plan,checked_in_by_principal_id,identity.principal,reference,convention,yes,
orders.group_visit_plan,contact_id,orders.group_customer_organization_contact,reference,declared,,
orders.group_visit_plan,group_booking_id,orders.group_booking,reference,declared,,yes
orders.group_visit_plan,handover_acknowledged_by_principal_id,identity.principal,reference,convention,yes,
orders.group_visit_plan,operational_owner_principal_id,identity.principal,reference,convention,yes,
orders.group_visit_plan,via recordGroupCheckIn,orders.order_event,ambient,lineage,,
orders.invitation,cost_center_id,ledger.cost_center,reference,declared,yes,
orders.invitation,issued_by_principal_id,identity.principal,reference,convention,yes,
orders.invitation,offered_by_principal_id,identity.principal,reference,convention,yes,
orders.invitation,performance_id,catalogue.performance,reference,declared,yes,
orders.invitation,product_id,catalogue.product,reference,declared,yes,yes
orders.invitation_allowance,principal_id,identity.principal,reference,declared,yes,yes
orders.invitation_allowance,role_id,identity.role,reference,declared,yes,
orders.member_exception,approval_request_id,approvals.request,reference,convention,yes,
orders.membership_activation_action,subject_id,pii.subject,reference,convention,yes,
orders.membership_migration,order_id,orders.sales_order,reference,convention,,
orders.membership_renewal,customer_membership_id,identity.customer_membership,reference,convention,yes,
orders.membership_renewal,entitlement_template_id,catalogue.entitlement_template,reference,convention,yes,
orders.membership_renewal,order_id,orders.sales_order,reference,declared,,
orders.no_sale_event,principal_id,identity.principal,reference,declared,yes,yes
orders.no_sale_event,shift_id,orders.pos_shift,reference,declared,,yes
orders.no_sale_event,workstation_id,platform.workstation,reference,declared,yes,
orders.order_event,actor_principal_id,identity.principal,reference,convention,yes,
orders.order_event,order_id,orders.sales_order,reference,convention,,
orders.order_event,reservation_id,orders.reservation,reference,convention,,
orders.order_event,via approveRefund,orders.refund,ambient,lineage,,
orders.order_event,via cancelReservation,orders.reservation,ambient,lineage,,
orders.order_event,via capturePayment,orders.payment,ambient,lineage,,
orders.order_event,via capturePayment,payments.payment_attempt,ambient,lineage,yes,
orders.order_event,via capturePayment,platform.outbox,ambient,lineage,yes,
orders.order_event,via createBulkRefund,orders.refund,ambient,lineage,,
orders.order_event,via extendReservation,orders.reservation,ambient,lineage,,
orders.order_event,via holdOrder,orders.order_line,ambient,lineage,,
orders.order_event,via holdOrder,orders.payment,ambient,lineage,,
orders.order_event,via holdOrder,orders.sales_order,ambient,lineage,,
orders.order_event,via rescheduleOrder,orders.sales_order,ambient,lineage,,
orders.order_event,via resumeOrder,orders.order_line,ambient,lineage,,
orders.order_event,via resumeOrder,orders.payment,ambient,lineage,,
orders.order_event,via resumeOrder,orders.sales_order,ambient,lineage,,
orders.order_event,via splitOrder,orders.order_line,ambient,lineage,,
orders.order_event,via splitOrder,orders.order_relationship,ambient,lineage,,
orders.order_event,via splitOrder,orders.sales_order,ambient,lineage,,
orders.order_event,via voidOrder,orders.order_line,ambient,lineage,,
orders.order_event,via voidOrder,orders.payment,ambient,lineage,,
orders.order_event,via voidOrder,orders.sales_order,ambient,lineage,,
orders.order_event,via voidPayment,orders.payment,ambient,lineage,,
orders.order_fee,order_id,orders.sales_order,reference,declared,,yes
orders.order_fee,payment_method_id,payments.method,reference,convention,yes,
orders.order_line,attributes_id,embedded as attributes (jsonb) on orders.cart_line and orders.order_line,reference,declared,yes,
orders.order_line,booked_window_id,embedded as window_starts_at and window_ends_at on orders.cart_line and orders.order_line,reference,declared,yes,
orders.order_line,inventory_hold_id,catalogue.inventory_hold,reference,declared,yes,
orders.order_line,performance_id,catalogue.performance,reference,declared,yes,
orders.order_line,promotion_id,promotions.promotion,reference,convention,yes,
orders.order_line,resource_hold_id,resources.resource_hold,reference,convention,yes,
orders.order_line,sales_order_id,orders.sales_order,reference,declared,,yes
orders.order_line,variant_id,catalogue.variant,reference,declared,yes,yes
orders.order_line,via applyManualDiscount,orders.payment,ambient,lineage,,
orders.order_line,via applyManualDiscount,orders.sales_order,ambient,lineage,,
orders.order_line_eligibility,order_line_id,orders.order_line,child,declared,,yes
orders.order_relationship,after_sale_request_id,orders.after_sale_request,reference,declared,,
orders.order_relationship,created_by_principal_id,identity.principal,reference,convention,yes,
orders.order_relationship,order_id,orders.sales_order,reference,convention,,
orders.order_relationship,related_order_id,orders.sales_order,reference,convention,,
orders.payment,order_id,orders.sales_order,reference,declared,,yes
orders.payment,via inquirePaymentStatus,platform.outbox,ambient,lineage,yes,
orders.payment_allocation_rule,product_id,catalogue.product,reference,precedent,yes,
orders.payment_allocation_rule,terminal_id,payments.terminal,reference,convention,yes,
orders.payment_link,issued_by_principal_id,identity.principal,reference,convention,yes,
orders.payment_link,order_id,orders.sales_order,reference,declared,,yes
orders.payment_link,reservation_id,orders.reservation,reference,convention,,
orders.payment_tip,payment_id,orders.payment,child,declared,,yes
orders.pos_shift,closed_by_principal_id,identity.principal,reference,convention,yes,
orders.pos_shift,principal_id,identity.principal,reference,declared,yes,yes
orders.pos_shift,venue_id,platform.scope,reference,declared,yes,yes
orders.pos_shift,via acceptShiftVariance,platform.outbox,ambient,lineage,yes,
orders.pos_shift,workstation_id,platform.workstation,reference,declared,yes,yes
orders.pos_shift_approval,pos_shift_id,orders.pos_shift,child,declared,,yes
orders.pos_shift_approval,principal_id,identity.principal,reference,convention,yes,
orders.pos_shift_incident,pos_shift_id,orders.pos_shift,child,declared,,yes
orders.pos_shift_incident,principal_id,identity.principal,reference,convention,yes,
orders.refund,approved_by_principal_id,identity.principal,reference,declared,yes,
orders.refund,batch_id,orders.refund_batch,reference,convention,,
orders.refund,ledger_entry_id,ledger.journal_entry,reference,convention,yes,
orders.refund,order_id,orders.sales_order,reference,declared,,yes
orders.refund,requested_by_principal_id,identity.principal,reference,declared,yes,
orders.refund,secondary_principal_id,identity.principal,reference,declared,yes,
orders.refund,tax_reversal_entry_id,queue.entry,reference,convention,yes,
orders.refund_batch,performance_id,catalogue.performance,reference,convention,yes,
orders.refund_batch,requested_by_principal_id,identity.principal,reference,convention,yes,
orders.refund_batch,venue_id,platform.scope,reference,precedent,yes,
orders.refund_policy,venue_id,platform.scope,reference,declared,yes,yes
orders.refund_policy,via setRefundPolicy,orders.refund_policy_time_band,ambient,lineage,,
orders.refund_policy_time_band,refund_policy_id,orders.refund_policy,child,declared,,yes
orders.resale_eligibility_rule,customer_segment_id,marketing.segment,reference,convention,yes,
orders.resale_eligibility_rule,performance_id,catalogue.performance,reference,convention,yes,
orders.resale_eligibility_rule,product_id,catalogue.product,reference,precedent,yes,
orders.resale_fee_policy,product_id,catalogue.product,reference,declared,yes,
orders.resale_listing,entitlement_id,access.entitlement,reference,declared,yes,yes
orders.resale_listing,moderated_by_principal_id,identity.principal,reference,convention,yes,
orders.resale_listing,seller_subject_id,pii.subject,reference,convention,yes,
orders.resale_listing,sold_to_subject_id,pii.subject,reference,convention,yes,
orders.resale_recommendation,decided_by_principal_id,identity.principal,reference,convention,yes,
orders.resale_recommendation,resale_listing_id,orders.resale_listing,reference,declared,,
orders.resale_settlement,resale_listing_id,orders.resale_listing,reference,declared,,yes
orders.resale_settlement,seller_subject_id,pii.subject,reference,convention,yes,
orders.resale_settlement,via holdResaleSettlement,platform.outbox,ambient,lineage,yes,
orders.resale_settlement,via releaseResaleSettlementHold,platform.outbox,ambient,lineage,yes,
orders.reservation,converted_order_id,orders.sales_order,reference,declared,,
orders.reservation,subject_id,pii.subject,reference,convention,yes,
orders.reservation,venue_id,platform.scope,reference,declared,yes,yes
orders.reservation,via setCustomerGuestAccount,orders.sales_order,ambient,lineage,,
orders.reservation_hold_policy,customer_segment_id,marketing.segment,reference,convention,yes,
orders.reservation_hold_policy,performance_id,catalogue.performance,reference,convention,yes,
orders.reservation_hold_policy,product_id,catalogue.product,reference,precedent,yes,
orders.reservation_line,attributes_id,embedded as attributes (jsonb) on orders.cart_line and orders.order_line,reference,declared,yes,
orders.reservation_line,booked_window_id,embedded as window_starts_at and window_ends_at on orders.cart_line and orders.order_line,reference,declared,yes,
orders.reservation_line,inventory_hold_id,catalogue.inventory_hold,reference,convention,yes,
orders.reservation_line,performance_id,catalogue.performance,reference,convention,yes,
orders.reservation_line,reservation_id,orders.reservation,child,declared,,yes
orders.reservation_line,resource_hold_id,resources.resource_hold,reference,convention,yes,
orders.reservation_line,variant_id,catalogue.variant,reference,convention,yes,
orders.sales_order,principal_id,identity.principal,reference,declared,yes,
orders.sales_order,shift_id,orders.pos_shift,reference,declared,,
orders.sales_order,subject_id,pii.subject,reference,declared,yes,
orders.sales_order,venue_id,platform.scope,reference,declared,yes,yes
orders.sales_order,via linkGuestCheckout,pii.subject,ambient,lineage,yes,
orders.sales_order,workstation_id,platform.workstation,reference,declared,yes,
orders.stored_value_authorisation,via captureStoredValue,wallet.wallet_transaction,ambient,lineage,yes,
orders.stored_value_authorisation,via checkInResource,resources.booking,ambient,lineage,yes,
orders.stored_value_authorisation,via checkInResource,resources.resource,ambient,lineage,yes,
orders.stored_value_authorisation,via checkOutResource,resources.booking,ambient,lineage,yes,
orders.stored_value_authorisation,via checkOutResource,resources.resource,ambient,lineage,yes,
orders.ticket_template_channel,ticket_template_id,orders.ticket_template,child,declared,,yes
orders.ticket_transfer,from_subject_id,pii.subject,reference,declared,yes,
orders.ticket_transfer,order_id,orders.sales_order,reference,declared,,yes
orders.ticket_transfer,to_subject_id,pii.subject,reference,declared,yes,
orders.upgrade,new_order_line_id,orders.order_line,reference,convention,,
orders.upgrade,order_id,orders.sales_order,reference,declared,,yes
orders.upgrade,original_order_line_id,orders.order_line,reference,convention,,
orders.upgrade,requested_by_principal_id,identity.principal,reference,convention,yes,
orders.upgrade,rule_id,orders.upgrade_rule,reference,declared,,
orders.upgrade_rule,customer_segment_id,marketing.segment,reference,convention,yes,
orders.upgrade_rule,from_variant_id,catalogue.variant,reference,convention,yes,
orders.upgrade_rule,owner_principal_id,identity.principal,reference,convention,yes,
orders.upgrade_rule,performance_id,catalogue.performance,reference,convention,yes,
orders.upgrade_rule,to_variant_id,catalogue.variant,reference,convention,yes,
orders.visit_reminder,order_id,orders.sales_order,reference,declared,,
orders.visit_reminder,subject_id,pii.subject,reference,convention,yes,
orders.wallet_pass,entitlement_id,access.entitlement,reference,declared,yes,yes
payments.authentication_policy,mandate_text_asset_id,assets.media_asset,reference,convention,yes,
payments.chargeback_evidence,chargeback_id,orders.chargeback,reference,convention,yes,
payments.currency_rule,via setPaymentRules,payments.eligibility_rule,ambient,lineage,,
payments.currency_rule,via setPaymentRules,payments.fee_rule,ambient,lineage,,
payments.deposit_activity,created_by_principal_id,identity.principal,reference,convention,yes,
payments.deposit_activity,payment_id,orders.payment,reference,declared,yes,
payments.dunning_case,order_id,orders.sales_order,reference,declared,yes,
payments.dunning_case,resolved_by_principal_id,identity.principal,reference,convention,yes,
payments.dunning_case,subject_id,pii.subject,reference,convention,yes,
payments.eligibility_rule,payment_method_id,payments.method,reference,convention,,
payments.fee_rule,payment_method_id,payments.method,reference,convention,,
payments.fee_rule,provider_id,payments.provider,reference,convention,,
payments.hosted_checkout,branding_asset_id,assets.media_asset,reference,convention,yes,
payments.merchant_account,legal_entity_id,ledger.legal_entity,reference,convention,yes,
payments.method_config,payment_method_id,payments.method,child,convention,,
payments.payment_attempt,order_id,orders.sales_order,reference,declared,yes,
payments.payment_attempt,payment_id,orders.payment,reference,declared,yes,
payments.payment_attempt,payment_method_id,payments.method,reference,declared,,
payments.payment_attempt,provider_connection_id,payments.provider_connection,reference,declared,,yes
payments.payment_terms,account_id,ledger.account,reference,precedent,yes,
payments.provider,via setPaymentProvider,payments.routing_rule,ambient,lineage,,
payments.provider_connection,merchant_account_id,payments.merchant_account,reference,convention,,
payments.provider_cost,payment_id,orders.payment,reference,declared,yes,
payments.provider_cost,provider_connection_id,payments.provider_connection,reference,declared,,yes
payments.provider_cost,settlement_id,ledger.settlement,reference,declared,yes,
payments.reconciliation_source,connection_id,payments.provider_connection,reference,convention,,
payments.routing_rule,fallback_provider_id,payments.provider,reference,convention,,
payments.routing_rule,provider_id,payments.provider,reference,convention,,
payments.stored_forward,device_id,platform.device,reference,convention,yes,
payments.terminal,acquirer_connection_id,payments.provider_connection,reference,convention,,
payments.terminal,device_id,platform.device,reference,convention,yes,
payments.terminal,merchant_account_id,payments.merchant_account,reference,convention,,
payments.token,consent_purpose_id,marketing.consent_purpose,reference,declared,yes,
payments.token,provider_id,payments.provider,reference,convention,,
payments.token,subject_id,pii.subject,reference,declared,yes,yes
pii.subject,erasure_request_id,approvals.request,reference,convention,yes,
pii.subject,via deleteGuestAccount,platform.dsar_request,ambient,lineage,yes,
pii.subject_biometric,consent_purpose_id,marketing.consent_purpose,reference,declared,yes,
pii.subject_biometric,entitlement_id,access.entitlement,reference,declared,yes,yes
pii.subject_biometric,guardian_subject_id,pii.subject,child,convention,,
pii.subject_biometric,subject_id,pii.subject,child,declared,,yes
pii.subject_contact,subject_id,pii.subject,child,declared,,yes
pii.subject_document,subject_id,pii.subject,child,declared,,yes
platform.audit_read,principal_id,identity.principal,reference,declared,yes,yes
platform.audit_read,subject_id,pii.subject,reference,declared,yes,yes
platform.audit_record,org_unit_id,platform.scope,reference,declared,,
platform.audit_record,platform_staff_grant_id,identity.platform_staff_grant,reference,convention,yes,
platform.audit_record,principal_id,identity.principal,reference,declared,yes,
platform.audit_record,workstation_id,platform.workstation,reference,convention,,
platform.cell_endpoint,cell_id,control.cell,reference,declared,yes,yes
platform.cross_region_entitlement,admission_rules_id,access.admission_rules,reference,declared,yes,
platform.cross_region_entitlement,guest_link_id,platform.guest_link,reference,declared,,
platform.cross_region_entitlement,ticket_id,access.entitlement,reference,declared,yes,yes
platform.cross_region_entitlement,venue_id,platform.scope,reference,declared,,
platform.dead_letter,outbox_id,platform.outbox,reference,convention,,
platform.dead_letter,via replayDeadLetter,platform.outbox,ambient,lineage,,
platform.device,configuration_profile_id,platform.configuration_profile,reference,convention,,
platform.device,via configureWorkstation,platform.workstation,ambient,lineage,,
platform.device,workstation_id,platform.workstation,reference,declared,,yes
platform.device_heartbeat,device_id,platform.device,child,declared,,
platform.dsar_request,guest_link_id,platform.guest_link,reference,declared,,yes
platform.dsar_request,request_id,approvals.request,reference,declared,yes,yes
platform.outbox,via publishTenantConfig,whitelabel.config_version,ambient,lineage,yes,
platform.outlet,cost_center_id,ledger.cost_center,reference,declared,yes,
platform.outlet,stock_location_id,inventory.location,reference,declared,yes,
platform.outlet,venue_id,platform.scope,reference,declared,,yes
platform.profile_deployment,profile_id,platform.configuration_profile,reference,convention,,
platform.profile_deployment,via deployConfigurationProfile,platform.workstation,ambient,lineage,,
platform.region_settings,org_unit_id,platform.scope,reference,declared,,
platform.sale_board,venue_id,platform.scope,reference,declared,,yes
platform.sale_board_page,sale_board_id,platform.sale_board,child,declared,,yes
platform.sale_board_tile,page_id,platform.sale_board_page,reference,declared,,
platform.tenant,home_region_id,platform.scope,reference,declared,,
platform.venue_settings,org_unit_id,platform.scope,reference,declared,,yes
platform.venue_settings,venue_id,platform.scope,reference,declared,,
platform.wallet_authorisation,authorisation_id,games.authorisation,reference,convention,yes,
platform.wallet_authorisation,fx_rate_id,ledger.fx_rate,reference,convention,yes,
platform.wallet_authorisation,guest_link_id,platform.guest_link,reference,declared,,yes
platform.wallet_authorisation,order_id,orders.sales_order,reference,declared,yes,
platform.workstation,access_point_id,access.access_point,reference,declared,yes,
platform.workstation,configuration_profile_id,platform.configuration_profile,reference,convention,,
platform.workstation,department_id,platform.scope,reference,declared,,
platform.workstation,edge_node_id,access.edge_node,reference,convention,yes,
platform.workstation,org_unit_id,platform.scope,reference,declared,,yes
platform.workstation,region_id,platform.scope,reference,declared,,yes
platform.workstation,venue_id,platform.scope,reference,declared,,yes
pricing.dynamic_price_action,dynamic_price_rule_id,pricing.dynamic_price_rule,reference,convention,,
pricing.dynamic_price_action,rule_id,approvals.rule,reference,convention,yes,
pricing.dynamic_price_action,via setDynamicPriceRule,pricing.dynamic_price_condition,ambient,lineage,,
pricing.dynamic_price_action,via setDynamicPriceRule,pricing.dynamic_price_rule,ambient,lineage,,
pricing.dynamic_price_condition,dynamic_price_rule_id,pricing.dynamic_price_rule,reference,convention,,
pricing.dynamic_price_condition,rule_id,approvals.rule,reference,convention,yes,
pricing.dynamic_price_rule,dynamic_pricing_strategy_id,catalogue.dynamic_pricing_strategy,reference,convention,yes,
pricing.dynamic_price_rule,price_list_id,catalogue.price_list,reference,convention,yes,
pricing.dynamic_price_rule,product_id,catalogue.product,reference,declared,yes,
promotions.allocation_component,allocation_split_id,promotions.allocation_split,reference,declared,,yes
promotions.allocation_component,legal_entity_id,ledger.legal_entity,reference,declared,yes,
promotions.allocation_component,revenue_account_id,ledger.account,reference,declared,yes,
promotions.allocation_component,variant_id,catalogue.variant,reference,precedent,yes,
promotions.allocation_component,venue_id,platform.scope,reference,declared,yes,
promotions.allocation_component,via updateBundle,promotions.bundle,ambient,lineage,,
promotions.allocation_component,via updateBundle,promotions.bundle_component,ambient,lineage,,
promotions.allocation_component,via updateBundle,promotions.promotion_audit,ambient,lineage,,
promotions.allocation_split,bundle_id,promotions.bundle,reference,declared,,yes
promotions.bundle,campaign_id,promotions.campaign,reference,convention,,
promotions.bundle,owner_principal_id,identity.principal,reference,convention,yes,
promotions.bundle,venue_id,platform.scope,reference,declared,yes,yes
promotions.bundle,via setBundleDefinition,promotions.promotion_audit,ambient,lineage,,
promotions.bundle_capacity_policy,bundle_id,promotions.bundle,child,convention,,
promotions.bundle_capacity_policy,partner_id,control.partner,reference,convention,yes,
promotions.bundle_capacity_policy,venue_id,platform.scope,reference,precedent,yes,
promotions.bundle_capacity_policy,via setBundleCapacityPolicy,promotions.promotion_audit,ambient,lineage,,
promotions.bundle_choice_group,bundle_id,promotions.bundle,child,declared,,yes
promotions.bundle_choice_group,via setGuestChoiceBuild,promotions.bundle_choice_option,ambient,lineage,,
promotions.bundle_choice_group,via setGuestChoiceBuild,promotions.promotion_audit,ambient,lineage,,
promotions.bundle_choice_option,bundle_choice_group_id,promotions.bundle_choice_group,reference,declared,,yes
promotions.bundle_choice_option,variant_id,catalogue.variant,reference,precedent,yes,
promotions.bundle_component,bundle_id,promotions.bundle,child,declared,,yes
promotions.bundle_component,variant_id,catalogue.variant,reference,precedent,yes,
promotions.bundle_component,venue_id,platform.scope,reference,declared,yes,
promotions.bundle_component,via setBundleComponent,promotions.promotion_audit,ambient,lineage,,
promotions.campaign,legal_entity_id,ledger.legal_entity,reference,convention,yes,
promotions.campaign,owner_principal_id,identity.principal,reference,convention,yes,
promotions.campaign,venue_id,platform.scope,reference,precedent,yes,
promotions.campaign,via createCommercialCampaign,promotions.promotion_audit,ambient,lineage,,
promotions.campaign,via setCampaignBudgetFinancial,promotions.campaign_budget,ambient,lineage,,
promotions.campaign,via setCampaignBudgetFinancial,promotions.promotion_audit,ambient,lineage,,
promotions.campaign,via updateCommercialCampaign,promotions.promotion_audit,ambient,lineage,,
promotions.campaign_budget,campaign_id,promotions.campaign,child,declared,,yes
promotions.campaign_budget,owner_principal_id,identity.principal,reference,convention,yes,
promotions.coupon_campaign,campaign_id,promotions.campaign,reference,convention,,
promotions.coupon_campaign,venue_id,platform.scope,reference,declared,yes,yes
promotions.coupon_campaign,via createCouponCampaign,promotions.promotion_audit,ambient,lineage,,
promotions.coupon_campaign,via setCouponPromoCode,promotions.coupon_code,ambient,lineage,,
promotions.coupon_campaign,via setCouponPromoCode,promotions.promotion_audit,ambient,lineage,,
promotions.coupon_code,assigned_subject_id,pii.subject,reference,declared,yes,
promotions.coupon_code,batch_id,promotions.coupon_code_batch,reference,convention,,
promotions.coupon_code,campaign_id,promotions.campaign,reference,convention,,
promotions.coupon_code,redeemed_order_id,orders.sales_order,reference,declared,yes,
promotions.coupon_code,via assignCoupon,promotions.promotion_audit,ambient,lineage,,
promotions.coupon_code,via generateCouponCodes,promotions.coupon_code_batch,ambient,lineage,,
promotions.coupon_code,via generateCouponCodes,promotions.promotion_audit,ambient,lineage,,
promotions.coupon_code,via setCodeDistributionManager,promotions.promotion_audit,ambient,lineage,,
promotions.coupon_code,via voidCouponCode,promotions.promotion_audit,ambient,lineage,,
promotions.coupon_code_batch,campaign_id,promotions.campaign,reference,convention,,
promotions.coupon_code_batch,requested_by_principal_id,identity.principal,reference,convention,yes,
promotions.partner_bundle_product,bundle_component_id,promotions.bundle_component,reference,convention,,
promotions.partner_bundle_product,external_product_id,promotions.product_relationship,reference,convention,,
promotions.partner_bundle_product,partner_id,control.partner,reference,convention,yes,
promotions.partner_bundle_product,via setBundlePartnerProductMappings,promotions.promotion_audit,ambient,lineage,,
promotions.product_relationship,from_product_id,promotions.product_relationship,reference,convention,,
promotions.product_relationship,to_product_id,promotions.product_relationship,reference,convention,,
promotions.promotion,campaign_id,promotions.campaign,reference,convention,,
promotions.promotion,venue_id,platform.scope,reference,declared,yes,yes
promotions.promotion,via createPromotion,promotions.promotion_audit,ambient,lineage,,
promotions.promotion,via endPromotion,promotions.promotion_audit,ambient,lineage,,
promotions.promotion,via endPromotion,promotions.promotion_channel_publication,ambient,lineage,,
promotions.promotion,via pausePromotion,promotions.promotion_audit,ambient,lineage,,
promotions.promotion,via pausePromotion,promotions.promotion_channel_publication,ambient,lineage,,
promotions.promotion,via publishPromotion,promotions.promotion_audit,ambient,lineage,,
promotions.promotion,via publishPromotion,promotions.promotion_channel_publication,ambient,lineage,,
promotions.promotion,via setBuyGetBogo,promotions.promotion_audit,ambient,lineage,,
promotions.promotion,via setCrossCategoryPromotion,promotions.promotion_audit,ambient,lineage,,
promotions.promotion,via setFixedPriceOffer,promotions.promotion_audit,ambient,lineage,,
promotions.promotion,via setGiftFreeProduct,promotions.promotion_audit,ambient,lineage,,
promotions.promotion,via setPromotionVariants,promotions.promotion_audit,ambient,lineage,,
promotions.promotion,via setPromotionVariants,promotions.promotion_variant,ambient,lineage,,
promotions.promotion,via unschedulePromotion,promotions.promotion_audit,ambient,lineage,,
promotions.promotion,via updatePromotion,promotions.promotion_audit,ambient,lineage,,
promotions.promotion,via updatePromotion,promotions.promotion_channel_publication,ambient,lineage,,
promotions.promotion_alert,coupon_campaign_id,promotions.coupon_campaign,reference,convention,,
promotions.promotion_alert,coupon_code_batch_id,promotions.coupon_code_batch,reference,convention,,
promotions.promotion_alert,promotion_id,promotions.promotion,child,convention,,
promotions.promotion_alert,venue_id,platform.scope,reference,precedent,yes,
promotions.promotion_audit,actor_principal_id,identity.principal,reference,convention,yes,
promotions.promotion_audit,promotion_id,promotions.promotion,child,convention,,
promotions.promotion_audit,venue_id,platform.scope,reference,precedent,yes,
promotions.promotion_audit,via setEligibilityRule,promotions.promotion_rule,ambient,lineage,,
promotions.promotion_audit,via setPromotionRule,promotions.promotion_rule,ambient,lineage,,
promotions.promotion_audit,via setPromotionStackingRule,promotions.stacking_rule,ambient,lineage,,
promotions.promotion_channel_publication,coupon_campaign_id,promotions.coupon_campaign,reference,convention,,
promotions.promotion_channel_publication,promotion_id,promotions.promotion,child,convention,,
promotions.promotion_channel_publication,venue_id,platform.scope,reference,precedent,yes,
promotions.promotion_conflict,venue_id,platform.scope,reference,precedent,yes,
promotions.promotion_evaluation_trace,order_id,orders.sales_order,reference,precedent,yes,
promotions.promotion_evaluation_trace,venue_id,platform.scope,reference,precedent,yes,
promotions.promotion_rule,campaign_id,promotions.campaign,reference,convention,,
promotions.promotion_rule,owner_principal_id,identity.principal,reference,convention,yes,
promotions.promotion_rule,promotion_id,promotions.promotion,child,convention,,
promotions.promotion_rule,venue_id,platform.scope,reference,precedent,yes,
promotions.promotion_variant,promotion_id,promotions.promotion,child,convention,,
promotions.recommendation_outcome,order_id,orders.sales_order,reference,declared,yes,
promotions.stacking_rule,venue_id,platform.scope,reference,precedent,yes,
promotions.upsell_rule,region_id,platform.scope,reference,precedent,yes,
promotions.upsell_rule,suggested_bundle_id,promotions.bundle,reference,declared,,
promotions.voucher,batch_id,promotions.voucher_batch,reference,declared,,yes
promotions.voucher_batch,venue_id,platform.scope,reference,declared,yes,yes
queue.entry,entitlement_id,access.entitlement,reference,declared,yes,
queue.entry,queue_id,queue.queue,reference,declared,,yes
queue.entry,subject_id,pii.subject,reference,declared,yes,
queue.feed,queue_id,queue.queue,reference,declared,,yes
queue.queue,access_point_id,access.access_point,reference,declared,yes,
queue.queue,asset_id,maintenance.asset,reference,declared,yes,
queue.queue,attraction_product_id,catalogue.product,reference,declared,yes,
queue.queue,fast_pass_id,queue.queue,reference,declared,,
queue.queue,parent_queue_id,queue.queue,reference,convention,,
queue.queue,venue_id,platform.scope,reference,declared,yes,yes
queue.queue,via createQueue,queue.queue_operating_window,ambient,lineage,,
queue.queue_operating_window,queue_id,queue.queue,child,declared,,yes
queue.reading,feed_id,queue.feed,reference,convention,,
queue.reading,queue_id,queue.queue,reference,declared,,yes
rental.agreement,order_id,orders.sales_order,reference,declared,yes,yes
rental.agreement,venue_id,platform.scope,reference,declared,yes,yes
rental.agreement,via createRentalAgreement,rental.agreement_item,ambient,lineage,,
rental.agreement_item,asset_id,maintenance.asset,reference,convention,yes,
rental.agreement_item,catalogue_product_id,catalogue.product,reference,convention,yes,
rental.agreement_item,inventory_item_id,inventory.item,reference,convention,yes,
rental.agreement_item,order_line_id,orders.order_line,reference,convention,yes,
rental.agreement_item,rental_agreement_id,rental.agreement,child,convention,,
rental.agreement_item,resource_booking_id,resources.booking,reference,convention,yes,
rental.agreement_item,resource_id,resources.resource,reference,convention,yes,
rental.agreement_item,stock_reservation_id,inventory.stock_reservation,reference,convention,yes,
rental.agreement_rules,terms_document_asset_id,assets.media_asset,reference,convention,yes,
rental.agreement_signature,document_asset_id,assets.media_asset,reference,convention,yes,
rental.agreement_signature,participant_id,rental.participant,reference,convention,,
rental.agreement_signature,signature_asset_id,assets.media_asset,reference,convention,yes,
rental.blackout,location_id,inventory.location,reference,convention,yes,
rental.blackout,product_id,rental.product,reference,convention,,
rental.booking,deposit_authorisation_id,games.authorisation,reference,convention,yes,
rental.booking,location_id,inventory.location,reference,convention,yes,
rental.booking,order_id,orders.sales_order,reference,declared,yes,
rental.booking,product_id,rental.product,reference,convention,,
rental.booking,return_location_id,inventory.location,reference,convention,yes,
rental.booking,via createRentalBooking,rental.participant,ambient,lineage,,
rental.damage_assessment,asset_id,maintenance.asset,reference,convention,yes,
rental.damage_assessment,inspection_id,rental.inspection,reference,convention,,
rental.damage_assessment,via returnRental,rental.inspection,ambient,lineage,,
rental.damage_assessment,work_order_id,maintenance.work_order,reference,convention,yes,
rental.deposit_policy,product_id,rental.product,reference,convention,,
rental.equipment_assignment,asset_id,maintenance.asset,reference,convention,yes,
rental.fee_policy,product_id,rental.product,reference,convention,,
rental.incident,asset_id,maintenance.asset,reference,convention,yes,
rental.incident,booking_id,rental.booking,reference,convention,,
rental.incident,work_order_id,maintenance.work_order,reference,convention,yes,
rental.inspection,asset_id,maintenance.asset,reference,convention,yes,
rental.inspection_item,rental_agreement_item_id,rental.agreement_item,reference,convention,,
rental.inspection_item,rental_inspection_id,rental.inspection,child,convention,,
rental.location_rule,location_id,inventory.location,reference,convention,yes,
rental.override,approval_request_id,approvals.request,reference,convention,yes,
rental.override,booking_id,rental.booking,reference,convention,,
rental.pricing_profile,customer_segment_id,marketing.segment,reference,convention,yes,
rental.pricing_profile,product_id,rental.product,reference,convention,,
rental.pricing_profile,venue_id,platform.scope,reference,declared,yes,
rental.product,catalogue_product_id,catalogue.product,reference,convention,yes,
rental.product,image_asset_id,assets.media_asset,reference,convention,yes,
rental.product,resource_type_id,resources.resource_type,reference,convention,yes,
rental.product,tenant_id,platform.tenant,reference,convention,yes,
rental.product,venue_id,platform.scope,reference,declared,yes,yes
rental.quote,location_id,inventory.location,reference,convention,yes,
rental.quote,product_id,rental.product,reference,convention,,
rental.settlement,booking_id,rental.booking,reference,convention,,
reporting.alert,acknowledged_by_principal_id,identity.principal,reference,convention,yes,
reporting.alert,item_id,inventory.item,reference,convention,yes,
reporting.alert,rule_id,reporting.alert_rule,reference,convention,,
reporting.alert,shift_id,workforce.shift,reference,convention,yes,
reporting.alert,workstation_id,platform.workstation,reference,convention,yes,
reporting.dashboard,owner_principal_id,identity.principal,reference,declared,yes,yes
reporting.dashboard,venue_id,platform.scope,reference,declared,yes,
reporting.dashboard,via createDashboard,reporting.dashboard_tile,ambient,lineage,,
reporting.dashboard,via updateDashboard,reporting.dashboard_tile,ambient,lineage,,
reporting.dashboard_tile,dashboard_id,reporting.dashboard,child,declared,,yes
reporting.dashboard_tile,report_id,reporting.report_definition,reference,declared,,yes
reporting.dashboard_view,dashboard_id,reporting.dashboard,child,declared,,yes
reporting.dashboard_view,venue_id,platform.scope,reference,precedent,yes,
reporting.dashboard_view,viewed_by_principal_id,identity.principal,reference,declared,yes,yes
reporting.delivery,report_id,reporting.report_definition,reference,declared,,
reporting.delivery,subscription_id,reporting.subscription,reference,convention,,
reporting.execution,report_id,reporting.report_definition,reference,declared,,yes
reporting.execution,requested_by_principal_id,identity.principal,reference,declared,yes,yes
reporting.execution,schedule_id,reporting.schedule,reference,declared,,
reporting.export,execution_id,reporting.execution,reference,declared,,yes
reporting.export,requested_by_principal_id,identity.principal,reference,declared,yes,yes
reporting.kpi_target,kpi_id,reporting.kpi_definition,reference,convention,,
reporting.natural_language_query,asked_by_principal_id,identity.principal,reference,convention,yes,
reporting.report_column,report_definition_id,reporting.report_definition,reference,declared,,yes
reporting.report_column,via createReport,reporting.report_definition,ambient,lineage,,
reporting.report_column,via createReport,reporting.report_filter,ambient,lineage,,
reporting.report_column,via createReport,reporting.report_parameter,ambient,lineage,,
reporting.report_column,via updateReport,reporting.report_definition,ambient,lineage,,
reporting.report_column,via updateReport,reporting.report_filter,ambient,lineage,,
reporting.report_column,via updateReport,reporting.report_parameter,ambient,lineage,,
reporting.report_definition,created_by_principal_id,identity.principal,reference,declared,yes,
reporting.report_definition_version,published_by_principal_id,identity.principal,reference,convention,yes,
reporting.report_field,definition_id,reporting.report_definition,reference,declared,,yes
reporting.report_filter,report_definition_id,reporting.report_definition,reference,declared,,yes
reporting.report_parameter,definition_id,reporting.report_definition,reference,declared,,yes
reporting.schedule,owner_principal_id,identity.principal,reference,declared,yes,yes
reporting.schedule,report_id,reporting.report_definition,reference,declared,,yes
reporting.schedule,via createReportSchedule,reporting.schedule_recipient,ambient,lineage,,
reporting.schedule,via updateReportSchedule,reporting.schedule_recipient,ambient,lineage,,
reporting.schedule_recipient,principal_id,identity.principal,reference,declared,yes,
reporting.schedule_recipient,schedule_id,reporting.schedule,child,declared,,yes
reporting.subscription,report_id,reporting.report_definition,reference,declared,,yes
reporting.subscription,runs_as_principal_id,identity.principal,reference,convention,yes,
reporting.subscription,schedule_id,reporting.schedule,reference,convention,,
resources.booking,deposit_authorisation_id,games.authorisation,reference,convention,yes,
resources.booking,order_id,orders.sales_order,reference,declared,yes,
resources.booking,resource_id,resources.resource,reference,declared,,yes
resources.booking,subject_id,pii.subject,reference,declared,yes,
resources.performance_participant,performance_id,catalogue.performance,reference,convention,yes,
resources.performance_participant,subject_id,pii.subject,reference,convention,yes,
resources.qualification,document_asset_id,assets.media_asset,reference,convention,yes,
resources.qualification,resource_id,resources.resource,reference,convention,,
resources.resource,parent_resource_id,resources.resource,reference,convention,,
resources.resource,principal_id,identity.principal,reference,declared,yes,
resources.resource,venue_id,platform.scope,reference,declared,yes,yes
resources.resource_audit,resource_id,resources.resource,child,convention,,
resources.resource_audit,via deleteResourceCost,resources.resource_cost,ambient,lineage,,
resources.resource_block,resource_id,resources.resource,child,convention,,
resources.resource_category,parent_category_id,resources.resource_category,reference,convention,,
resources.resource_cost,from_venue_id,resources.venue_assignment,reference,convention,,
resources.resource_cost,resource_id,resources.resource,child,convention,,
resources.resource_cost,to_venue_id,resources.venue_assignment,reference,convention,,
resources.resource_dependency,target_resource_id,resources.resource,child,convention,,
resources.resource_dependency,target_resource_type_id,resources.resource_type,reference,convention,,
resources.resource_dependency,venue_id,platform.scope,reference,declared,yes,
resources.resource_hold,held_by_principal_id,identity.principal,reference,convention,yes,
resources.resource_hold,map_id,venuemap.map,reference,convention,yes,
resources.resource_hold,order_id,orders.sales_order,reference,precedent,yes,
resources.resource_hold,subject_id,pii.subject,reference,convention,yes,
resources.resource_package,via createResourcePackage,resources.resource_requirement,ambient,lineage,,
resources.resource_package,via updateResourcePackage,resources.resource_requirement,ambient,lineage,,
resources.resource_relation,resource_id,resources.resource,child,convention,,
resources.resource_request,booking_id,resources.booking,reference,convention,,
resources.resource_request,raised_by_principal_id,identity.principal,reference,convention,yes,
resources.resource_request,resource_id,resources.resource,child,convention,,
resources.resource_requirement,category_id,resources.resource_category,reference,convention,,
resources.resource_requirement,resource_id,resources.resource,child,convention,,
resources.resource_requirement,resource_type_id,resources.resource_type,reference,convention,,
resources.resource_schedule,resource_id,resources.resource,child,convention,,
resources.selection_policy,resource_type_id,resources.resource_type,reference,convention,,
resources.selection_policy,ticket_type_id,resources.resource_type,reference,convention,,
resources.venue_assignment,primary_venue_id,resources.venue_assignment,reference,convention,,
retail.exchange,new_sale_id,retail.sale,reference,declared,,yes
retail.exchange,return_id,retail.return,reference,declared,,yes
retail.exchange,sale_id,retail.sale,reference,declared,,yes
retail.merchandise,inventory_item_id,inventory.item,reference,declared,yes,
retail.merchandise,outlet_id,platform.outlet,reference,declared,yes,yes
retail.merchandise,variant_id,catalogue.variant,reference,declared,yes,yes
retail.product_recommendation,source_product_id,retail.product_recommendation,reference,convention,,
retail.product_recommendation,source_variant_id,catalogue.variant,reference,convention,yes,
retail.product_recommendation,target_product_id,retail.product_recommendation,reference,convention,,
retail.product_recommendation,target_variant_id,catalogue.variant,reference,convention,yes,
retail.reservation,outlet_id,platform.outlet,reference,declared,yes,yes
retail.reservation,subject_id,pii.subject,reference,declared,yes,
retail.reservation,via reserveMerchandise,retail.reservation_line,ambient,lineage,,
retail.reservation_line,merchandise_id,retail.merchandise,reference,declared,,
retail.reservation_line,reservation_id,retail.reservation,child,declared,,yes
retail.return,accepted_by_principal_id,identity.principal,reference,declared,yes,
retail.return,refund_id,orders.refund,reference,declared,yes,
retail.return,sale_id,retail.sale,reference,declared,,yes
retail.return,secondary_principal_id,identity.principal,reference,declared,yes,
retail.return,via createRetailReturn,retail.return_line,ambient,lineage,,
retail.return_line,merchandise_id,retail.merchandise,reference,declared,,
retail.return_line,return_id,retail.return,child,declared,,yes
retail.return_policy,outlet_id,platform.outlet,reference,declared,yes,yes
retail.sale,order_id,orders.sales_order,reference,declared,yes,yes
retail.sale,outlet_id,platform.outlet,reference,declared,yes,yes
retail.sale,shift_id,orders.pos_shift,reference,declared,yes,
retail.sale,subject_id,pii.subject,reference,declared,yes,
retail.sale,via createRetailSale,retail.sale_line,ambient,lineage,,
retail.sale_line,merchandise_id,retail.merchandise,reference,declared,,
retail.sale_line,sale_id,retail.sale,child,declared,,yes
retail.shop_and_drop,collected_by_principal_id,identity.principal,reference,declared,yes,
retail.shop_and_drop,collection_point_id,fnb.delivery_location,reference,declared,yes,yes
retail.shop_and_drop,entitlement_id,access.entitlement,reference,declared,yes,
retail.shop_and_drop,order_id,orders.sales_order,reference,precedent,yes,
retail.shop_and_drop,sale_id,retail.sale,reference,declared,,
retail.shop_and_drop,subject_id,pii.subject,reference,declared,yes,
retail.shop_and_drop,venue_id,platform.scope,reference,declared,yes,
retail.shop_and_drop_line,merchandise_id,retail.merchandise,reference,declared,,
retail.shop_and_drop_line,shop_and_drop_id,retail.shop_and_drop,child,declared,,yes
retail.store_rule,outlet_id,platform.outlet,reference,convention,yes,
retail.store_rule,updated_by_principal_id,identity.principal,reference,convention,yes,
retail.store_rule,venue_id,platform.scope,reference,declared,yes,
seating.accessible,seat_map_id,seating.seat_map,reference,convention,,
seating.group_request,order_id,orders.sales_order,reference,declared,yes,
seating.group_request,performance_id,catalogue.performance,reference,convention,yes,
seating.group_request,via allocateGroupSeats,seating.seat_hold,ambient,lineage,,
seating.group_request,via allocateGroupSeats,seating.seat_hold_item,ambient,lineage,,
seating.group_request_participant,group_request_id,seating.group_request,child,convention,,
seating.group_request_participant,seat_id,seating.seat,reference,convention,,
seating.hold_pool,hold_type_id,seating.hold_type,reference,convention,,
seating.hold_pool,performance_id,catalogue.performance,reference,convention,yes,
seating.import_job,seat_map_id,seating.seat_map,reference,declared,,yes
seating.reassignment,order_id,orders.sales_order,reference,declared,yes,
seating.recommendation_rules,performance_id,catalogue.performance,reference,convention,yes,
seating.recommendation_rules,seat_map_id,seating.seat_map,reference,convention,,
seating.seat,category_id,seating.seat_category,reference,convention,,
seating.seat,seat_map_id,seating.seat_map,reference,declared,,
seating.seat,via assignSeats,seating.seat_hold,ambient,lineage,,
seating.seat_block,created_by_principal_id,identity.principal,reference,declared,yes,
seating.seat_block,performance_id,catalogue.performance,reference,declared,yes,yes
seating.seat_block_item,block_id,seating.seat_block,child,convention,,
seating.seat_block_item,seat_id,seating.seat,child,convention,,
seating.seat_category,venue_id,platform.scope,reference,declared,yes,yes
seating.seat_category,via createSeatCategory,seating.seat_price_band,ambient,lineage,,
seating.seat_hold,block_id,seating.seat_block,reference,declared,,
seating.seat_hold,held_by_principal_id,identity.principal,reference,declared,yes,
seating.seat_hold,performance_id,catalogue.performance,reference,declared,yes,yes
seating.seat_hold,subject_id,pii.subject,reference,declared,yes,
seating.seat_hold_item,hold_id,seating.seat_hold,child,convention,,
seating.seat_hold_item,seat_id,seating.seat,child,convention,,
seating.seat_map,venue_id,platform.scope,reference,declared,yes,yes
seating.seat_map,via cloneSeatMap,seating.section,ambient,lineage,,
seating.seat_map,via createSeatMap,seating.section,ambient,lineage,,
seating.seat_map,via importSeatMap,seating.section,ambient,lineage,,
seating.seat_map,via publishSeatMap,seating.section,ambient,lineage,,
seating.seat_map,via updateSeatMap,seating.section,ambient,lineage,,
seating.seat_map_template,region_id,platform.scope,reference,declared,yes,yes
seating.seat_price_band,customer_segment_id,marketing.segment,reference,convention,yes,
seating.seat_price_band,seat_category_id,seating.seat_category,reference,convention,,
seating.seat_rules,seat_map_id,seating.seat_map,reference,convention,,
seating.seating_rules,seat_map_id,seating.seat_map,reference,declared,,yes
seating.section,view_asset_id,assets.media_asset,reference,declared,yes,
seating.section_row,section_id,seating.section,child,declared,,yes
seating.zone,seat_category_id,seating.seat_category,reference,declared,,
seating.zone,seat_map_id,seating.seat_map,reference,declared,,yes
subscription.capacity_pack,invoice_id,control.invoice,reference,convention,yes,
subscription.capacity_pack,tenant_id,platform.tenant,reference,convention,yes,
subscription.contract,plan_id,subscription.plan,reference,declared,,yes
subscription.contract,tenant_id,platform.tenant,reference,declared,yes,yes
subscription.contract,via terminateTenant,control.tenant,ambient,lineage,yes,
subscription.go_live_readiness,tenant_id,platform.tenant,reference,convention,yes,
subscription.membership_eligibility_rule,membership_product_id,subscription.membership_product,reference,convention,,
subscription.membership_eligibility_rule,via setMembershipEligibilityQualification,subscription.membership_product,ambient,lineage,,
subscription.membership_entitlement,membership_product_id,subscription.membership_product,reference,convention,,
subscription.membership_entitlement,pricing_rule_id,approvals.rule,reference,convention,yes,
subscription.membership_household_policy,membership_product_id,subscription.membership_product,reference,convention,,
subscription.membership_household_policy,via setFamilyHouseholdDependent,subscription.membership_household_policy_role_limit,ambient,lineage,,
subscription.membership_household_policy_role_limit,membership_household_policy_id,subscription.membership_household_policy,child,declared,,
subscription.membership_product,approval_request_id,approvals.request,reference,convention,yes,
subscription.membership_product,catalogue_product_id,catalogue.product,reference,convention,yes,
subscription.membership_product,via setMembershipCommercialConfig,subscription.membership_product_history,ambient,lineage,,
subscription.membership_product,via setMembershipProductTier,subscription.membership_product_history,ambient,lineage,,
subscription.membership_product,via setMembershipUsagePolicy,subscription.membership_product_history,ambient,lineage,,
subscription.membership_product,via setMembershipUsagePolicy,subscription.membership_usage_policy,ambient,lineage,,
subscription.membership_product_history,approval_request_id,approvals.request,reference,convention,yes,
subscription.membership_product_history,changed_by_principal_id,identity.principal,reference,convention,yes,
subscription.membership_product_history,membership_product_id,subscription.membership_product,child,convention,,
subscription.membership_renewal_policy,cancellation_policy_id,subscription.enforcement_policy,reference,convention,,
subscription.membership_renewal_policy,membership_product_id,subscription.membership_product,reference,convention,,
subscription.membership_usage_policy,membership_product_id,subscription.membership_product,reference,convention,,
subscription.partner_quote,agreement_id,rental.agreement,reference,convention,yes,
subscription.partner_quote,partner_id,control.partner,reference,convention,yes,
subscription.plan,via createPlan,subscription.plan_limit,ambient,lineage,,
subscription.plan,via createPlanVersion,subscription.plan_limit,ambient,lineage,,
subscription.plan_limit,plan_id,subscription.plan,child,declared,,yes
subscription.plan_module,plan_id,subscription.plan,child,declared,,yes
subscription.tier_allowance,tier_id,subscription.tier_module,reference,convention,,
subscription.tier_allowance,via setPlanTiers,subscription.tier_module,ambient,lineage,,
subscription.tier_module,tier_id,subscription.tier_allowance,reference,convention,,
sync.cell_connection,source_cell_id,control.cell,reference,convention,yes,
sync.cell_connection,target_cell_id,control.cell,reference,convention,yes,
sync.cross_cell_request,guest_link_id,platform.guest_link,reference,convention,yes,
sync.cross_cell_request,source_cell_id,control.cell,reference,convention,yes,
sync.cross_cell_request,target_cell_id,control.cell,reference,convention,yes,
sync.rejection,resolved_by_principal_id,identity.principal,reference,declared,yes,
sync.rejection,workstation_id,platform.workstation,reference,declared,yes,yes
tenancy.device_assignment,assigned_workstation_id,platform.workstation,reference,convention,yes,
tenancy.device_assignment,custodian_principal_id,identity.principal,reference,convention,yes,
tenancy.device_assignment,device_id,platform.device,reference,convention,yes,
tenancy.device_audit,actor_principal_id,identity.principal,reference,convention,yes,
tenancy.device_audit,device_id,platform.device,reference,convention,yes,
tenancy.device_audit,via revokeDeviceCredential,tenancy.device_credential,ambient,lineage,,
tenancy.device_credential,device_id,platform.device,reference,convention,yes,
tenancy.device_firmware,artefact_asset_id,assets.media_asset,reference,convention,yes,
tenancy.device_rollout,firmware_id,tenancy.device_firmware,reference,convention,,
tenancy.device_tamper_event,device_id,platform.device,reference,convention,yes,
tenancy.device_telemetry,device_id,platform.device,reference,convention,yes,
transport.departure,performance_id,catalogue.performance,reference,convention,yes,
transport.departure,route_id,transport.route,reference,convention,,
transport.departure,timetable_id,transport.timetable,reference,convention,,
transport.departure,vehicle_resource_id,resources.resource,reference,convention,yes,
transport.fare_matrix_cell,fare_table_id,transport.fare_table,reference,declared,,yes
transport.fare_matrix_cell,from_station_id,transport.station,reference,convention,,
transport.fare_matrix_cell,to_station_id,transport.station,reference,convention,,
transport.fare_passenger_type,catalogue_variant_id,catalogue.variant,reference,convention,yes,
transport.fare_passenger_type,fare_table_id,transport.fare_table,reference,declared,,yes
transport.fare_table,route_id,transport.route,reference,convention,,
transport.favourite_route,from_station_id,transport.station,reference,convention,,
transport.favourite_route,to_station_id,transport.station,reference,convention,,
transport.favourite_route,venue_id,platform.scope,reference,precedent,yes,
transport.network_import,source_ref,assets.media_asset,reference,declared,yes,yes
transport.network_import,venue_id,platform.scope,reference,precedent,yes,
transport.pass_type,catalogue_product_id,catalogue.product,reference,convention,yes,
transport.pass_type,venue_id,platform.scope,reference,precedent,yes,
transport.route,catalogue_event_id,catalogue.event,reference,convention,yes,
transport.route,catalogue_product_id,catalogue.product,reference,convention,yes,
transport.route,paired_route_id,transport.route,reference,convention,,
transport.route,venue_id,platform.scope,reference,precedent,yes,
transport.route_stop,route_id,transport.route,child,declared,,yes
transport.route_stop,station_id,transport.station,reference,convention,,
transport.station,venue_id,platform.scope,reference,precedent,yes,
transport.timetable,route_id,transport.route,reference,convention,,
transport.timetable,seat_map_id,seating.seat_map,reference,convention,yes,
transport.timetable_run,timetable_id,transport.timetable,child,declared,,yes
venuemap.import_job,map_id,venuemap.map,reference,declared,,
venuemap.import_job,via importVenueGeometry,venuemap.path,ambient,lineage,,
venuemap.import_job,via importVenueGeometry,venuemap.point,ambient,lineage,,
venuemap.map,base_asset_id,assets.media_asset,reference,declared,yes,
venuemap.map,venue_id,platform.scope,reference,declared,yes,yes
venuemap.map,via setPathClosure,venuemap.path,ambient,lineage,,
venuemap.map_version,map_id,venuemap.map,child,convention,,
venuemap.map_version,published_by_principal_id,identity.principal,reference,convention,yes,
venuemap.path,from_point_id,venuemap.point,reference,convention,,
venuemap.path,map_id,venuemap.map,reference,declared,,yes
venuemap.path,restricted_by_point_id,venuemap.point,reference,convention,,
venuemap.path,to_point_id,venuemap.point,reference,convention,,
venuemap.path,via acceptWalkwayProposals,venuemap.point,ambient,lineage,,
venuemap.placed_resource,map_id,venuemap.map,reference,convention,,
venuemap.placed_resource,resource_id,resources.resource,reference,declared,yes,yes
venuemap.placed_resource,variant_id,catalogue.variant,reference,declared,yes,
venuemap.point,access_point_id,access.access_point,reference,declared,yes,
venuemap.point,map_id,venuemap.map,reference,declared,,yes
venuemap.point,outlet_id,platform.outlet,reference,declared,yes,
venuemap.point,product_id,catalogue.product,reference,declared,yes,
wallet.adjustment,via expireCreditLots,wallet.credit_lot,ambient,lineage,,
wallet.adjustment,via expireCreditLots,wallet.wallet,ambient,lineage,,
wallet.adjustment,via expireCreditLots,wallet.wallet_transaction,ambient,lineage,,
wallet.adjustment,wallet_id,wallet.wallet,reference,convention,,
wallet.balance,wallet_balance_id,wallet.balance,reference,convention,,
wallet.balance,wallet_id,wallet.wallet,reference,convention,,
wallet.configuration_version,via publishWalletConfiguration,wallet.configuration_version_snapshot,ambient,lineage,,
wallet.configuration_version_snapshot,configuration_version_id,wallet.configuration_version,child,declared,,yes
wallet.credential,replaced_by_credential_id,wallet.credential,reference,convention,,
wallet.credential,wallet_id,wallet.wallet,reference,convention,,
wallet.credit_eligibility,credit_type_id,wallet.credit_type,reference,convention,,
wallet.credit_lot,credit_type_id,wallet.credit_type,reference,convention,,
wallet.credit_lot,wallet_id,wallet.wallet,reference,declared,,yes
wallet.dispute,adjustment_id,wallet.adjustment,reference,convention,,
wallet.dispute,escalated_to_role_id,identity.role,reference,convention,yes,
wallet.dispute,wallet_id,wallet.wallet,reference,convention,,
wallet.funding_rules,wallet_type_id,wallet.wallet_type,reference,convention,,
wallet.gift_card,subject_id,pii.subject,reference,declared,yes,yes
wallet.gift_card,via redeemGiftCard,wallet.wallet_transaction,ambient,lineage,,
wallet.gift_card_product,credit_type_id,wallet.credit_type,reference,convention,,
wallet.hold,order_id,orders.sales_order,reference,declared,yes,
wallet.hold,payment_id,orders.payment,reference,convention,yes,
wallet.hold,wallet_hold_id,wallet.hold,reference,convention,,
wallet.hold,wallet_id,wallet.wallet,reference,convention,,
wallet.integration_mapping,api_client_id,control.api_client,reference,convention,yes,
wallet.refund_policy,wallet_refund_credit_type_id,wallet.credit_type,reference,convention,,
wallet.restriction,wallet_id,wallet.wallet,reference,convention,,
wallet.shared_wallet,owner_principal_id,identity.principal,reference,convention,yes,
wallet.shared_wallet,via createSharedWallet,wallet.shared_wallet_member,ambient,lineage,,
wallet.shared_wallet,wallet_id,wallet.wallet,reference,convention,,
wallet.shared_wallet_member,subject_id,pii.subject,reference,convention,yes,
wallet.wallet,subject_id,pii.subject,reference,declared,yes,yes
wallet.wallet,via transferWalletBalance,wallet.wallet_transaction,ambient,lineage,,
wallet.wallet_transaction,order_id,orders.sales_order,reference,declared,yes,
wallet.wallet_transaction,principal_id,identity.principal,reference,declared,yes,
wallet.wallet_transaction,subject_id,pii.subject,reference,convention,yes,
wallet.wallet_transaction,venue_id,platform.scope,reference,declared,yes,
whitelabel.banner,tenant_config_id,whitelabel.tenant_config,reference,declared,,yes
whitelabel.config_version,published_by_principal_id,identity.principal,reference,declared,yes,yes
whitelabel.custom_domain,tenant_id,platform.tenant,reference,convention,yes,
whitelabel.faq_category,via setFaqs,whitelabel.faq_entry,ambient,lineage,,
whitelabel.faq_entry,faq_category_id,whitelabel.faq_category,reference,declared,,yes
whitelabel.feature_toggle,tenant_config_id,whitelabel.tenant_config,reference,declared,,yes
whitelabel.footer_config,via setFooter,whitelabel.footer_config_column,ambient,lineage,,
whitelabel.footer_config,via setFooter,whitelabel.footer_config_social_link,ambient,lineage,,
whitelabel.footer_config_column,footer_config_id,whitelabel.footer_config,child,declared,,yes
whitelabel.footer_config_social_link,footer_config_id,whitelabel.footer_config,child,declared,,yes
whitelabel.guided_choice,venue_id,platform.scope,reference,precedent,yes,
whitelabel.guided_choice,via createGuidedChoice,whitelabel.guided_choice_answer,ambient,lineage,,
whitelabel.guided_choice,via createGuidedChoice,whitelabel.guided_choice_question,ambient,lineage,,
whitelabel.guided_choice,via deleteGuidedChoice,whitelabel.guided_choice_answer,ambient,lineage,,
whitelabel.guided_choice,via deleteGuidedChoice,whitelabel.guided_choice_question,ambient,lineage,,
whitelabel.guided_choice,via proposeGuidedChoice,whitelabel.guided_choice_answer,ambient,lineage,,
whitelabel.guided_choice,via proposeGuidedChoice,whitelabel.guided_choice_question,ambient,lineage,,
whitelabel.guided_choice_answer,guided_choice_id,whitelabel.guided_choice,child,declared,,yes
whitelabel.guided_choice_question,guided_choice_id,whitelabel.guided_choice,child,declared,,yes
whitelabel.homepage_section,content_page_id,whitelabel.content_page,reference,declared,,
whitelabel.module_enablement,tenant_config_id,whitelabel.tenant_config,reference,declared,,yes
whitelabel.policy,published_by_principal_id,identity.principal,reference,declared,yes,
whitelabel.promo_block,promotion_id,promotions.promotion,reference,declared,yes,
whitelabel.tenant_config,footer_config_id,whitelabel.footer_config,reference,declared,,
whitelabel.tenant_config,homepage_section_id,whitelabel.homepage_section,reference,declared,,
whitelabel.tenant_config,navigation_item_id,whitelabel.navigation_item,reference,declared,,
whitelabel.tenant_config,tenant_id,platform.tenant,reference,declared,yes,yes
workforce.announcement,published_by_principal_id,identity.principal,reference,convention,yes,
workforce.announcement,venue_id,platform.scope,reference,declared,yes,yes
workforce.announcement,via publishAnnouncement,workforce.announcement_receipt,ambient,lineage,,
workforce.announcement_receipt,announcement_id,workforce.announcement,child,declared,,yes
workforce.announcement_receipt,principal_id,identity.principal,reference,declared,yes,yes
workforce.attendance,access_point_id,access.access_point,reference,declared,yes,
workforce.attendance,amended_by_principal_id,identity.principal,reference,convention,yes,
workforce.attendance,assignment_id,workforce.rota_assignment,reference,declared,,
workforce.attendance,principal_id,identity.principal,reference,declared,yes,yes
workforce.attendance,venue_id,platform.scope,reference,declared,yes,
workforce.attendance_amendment,amended_by_principal_id,identity.principal,reference,convention,yes,
workforce.attendance_amendment,attendance_record_id,workforce.training_record,reference,convention,,
workforce.employee,manager_employee_id,workforce.employee,reference,convention,,
workforce.employee,principal_id,identity.principal,reference,convention,yes,
workforce.employee,tenant_id,platform.tenant,reference,convention,yes,
workforce.employment,employee_id,workforce.employee,reference,convention,,
workforce.field_ownership,source_id,workforce.integration_source,reference,convention,,
workforce.job_title,tenant_id,platform.tenant,reference,convention,yes,
workforce.labour_budget,venue_id,platform.scope,reference,precedent,yes,
workforce.leave_balance,employee_id,workforce.employee,reference,convention,,
workforce.leave_balance,type_id,workforce.leave_type,reference,convention,,
workforce.leave_request,approval_request_id,approvals.request,reference,declared,yes,
workforce.leave_request,principal_id,identity.principal,reference,convention,yes,
workforce.leave_type,tenant_id,platform.tenant,reference,convention,yes,
workforce.open_shift,rota_assignment_id,workforce.rota_assignment,reference,convention,,
workforce.open_shift,shift_template_id,workforce.shift_template,reference,convention,,
workforce.open_shift,venue_id,platform.scope,reference,declared,yes,
workforce.position_requirement,staffing_rules_id,workforce.staffing_rules,reference,declared,,yes
workforce.position_requirement,venue_id,platform.scope,reference,precedent,yes,
workforce.position_requirement,via setStaffingRules,workforce.staffing_rules,ambient,lineage,,
workforce.rota_assignment,department_id,platform.scope,reference,declared,yes,
workforce.rota_assignment,principal_id,identity.principal,reference,declared,yes,yes
workforce.rota_assignment,required_role_id,identity.role,reference,convention,yes,
workforce.rota_assignment,venue_id,platform.scope,reference,declared,yes,yes
workforce.rota_assignment,workstation_id,platform.workstation,reference,declared,yes,
workforce.shift,tenant_id,platform.tenant,reference,convention,yes,
workforce.shift_swap,approval_request_id,approvals.request,reference,declared,yes,
workforce.shift_swap,assignment_id,workforce.rota_assignment,reference,declared,,yes
workforce.shift_swap,from_principal_id,identity.principal,reference,convention,yes,
workforce.shift_swap,to_principal_id,identity.principal,reference,convention,yes,
workforce.sync_conflict,employee_id,workforce.employee,reference,convention,,
workforce.sync_conflict,resolved_by_principal_id,identity.principal,reference,convention,yes,
workforce.sync_conflict,source_id,workforce.integration_source,reference,convention,,
workforce.sync_conflict,sync_run_id,workforce.sync_run,reference,convention,,
workforce.sync_run,source_id,workforce.integration_source,reference,convention,,
workforce.training_record,principal_id,identity.principal,reference,convention,yes,
workforce.work_assignment,department_id,platform.scope,reference,declared,yes,
workforce.work_assignment,employee_id,workforce.employee,reference,convention,,
workforce.work_assignment,job_title_id,workforce.job_title,reference,convention,,
workforce.work_assignment,outlet_id,platform.outlet,reference,convention,yes,
workforce.work_assignment,venue_id,platform.scope,reference,declared,yes,
