key	verdict	kind	category	issue	evidence
APP-CMS-CMS-086	NO	no-bound-read	gap	The table needs one row per role and the modal asks for 'the role', but no bound operation returns roles. Role names and the UUIDs for appliesToRoleIds can't be shown or picked, and the Done-when says the screen calls only its bound operations.	screen-CMS-086.json dataTable notes: "One row per role, one column per asset action"; overlay body: "The role, the asset actions it may take..."; apis only listAuthorisationPolicies and createAuthorisationPolicy; AuthorisationPolicy.appliesToRoleIds items "string uuid"; README Done when: "it calls only its bound operations"
APP-CONSOLE-ADM-003	guess	other	contradiction	The screen's only entry point is ADM-002, and that edge passes no cellId. But the screen needs cellId, and the spec offers it only from a deep link, so opening it from the dashboard leaves nothing to load.	screen-ADM-003.json navigation.entryFrom ["ADM-002"], transition provenance "The edge carries nothing"; entryState.params [{"name":"cellId","from":"deepLink"}]
APP-CONSOLE-ADM-003	guess	other	gap	The screen promises health for every cell across tenants, but none of its bound operations can list cells: every one needs a single cellId, so the 'cross-tenant' dashboard can only ever show one cell.	screen-ADM-003.json purpose: "See the health of every cell across tenants, and act on a failing one."; all 7 operations have path param `cellId` required (e.g. listCellJobs `/cells/{cellId}/jobs`, getCellHealth `/cells/{cellId}/health`); README 'What this touches' lists no list-cells operation
APP-CONSOLE-ADM-021	guess	permission	gap	The create-role modal needs a preset picker and a per-module permission checklist, but the operations that supply them are not bound to the screen or linked. The Done-when rule "calls only its bound operations" means the preset picker cannot be built.	screen overlay formCreateRole: "`presetCodes` fills the checklist from the chosen presets"; createRole description: "`presetCodes` names one or more presets (`listCapabilityTemplates`)"; listRoles description: "Creating one shows the per-module permission checklist (`listModuleCapabilities`) and the presets (`listCapabilityTemplates`...)"; screen apis lists only listRoles, createRole, listTenants,
APP-CONSOLE-ADM-380	NO	other	gap	The screen has no fields for the onboarding application, but it has a Submit button bound to submitOnboardingApplication. The screen spec says it cannot be built without someone deciding its content.	screen-ADM-380.json gaps: "The pack gives this screen nothing that can be drawn... no directory of metrics, columns or fields... it needs a person before it is built"; apisNote: "0 of 0 labels bound to a contract property". The layout has only Work email, One-time code and Submit/Cancel, while OnboardingApplication requires companyName and contactEmail and carries countryCode, requestedPlanId, ven
APP-CONSOLE-ADM-408	NO	needs-a-person	gap	The spec defines no content for the screen: both layout regions are empty, and the spec itself says a person must define the screen before it is built.	screen-ADM-408.json gaps: "The pack gives this screen nothing that can be drawn... The screen has no content region rather than an empty one, and it needs a person before it is built."; layout regions actionBar "components": [] and contentBody "components": []; apisNote: "0 of 0 labels bound to a contract property; 1 of 77 pack bullets carried onto the screen"
APP-CONSOLE-ADM-408	NO	no-bound-read	gap	The screen's whole purpose is to approve a package and hand it off, but it has no operation to call. The only one it had was removed, and the replacement is still an open contract gap.	screen-ADM-408.json: "apis": []; gaps: "Removed 2 October 2026 (CHG-WIR-021): The only operation was createPartnerQuote..." and "Contract gap recorded 2 October 2026 (CHG-WIR-024): No operation approves a prospect's commercial package and hands it to purchase and contract activation."; purpose: "Govern final approval of the commercial package and send the approved configuration into purchase/contr
APP-CONSOLE-ADM-421	NO	other	contradiction	Seven of the eight venue fields on the screen have no matching property in createOrgUnit's request body, so the values would be collected and then dropped.	screen-ADM-421.json lists selectFields 'Venue Name', 'Venue Type', 'Address', 'Time Zone', 'Currency', 'Operating Region', 'Default Language', 'Operating Model', none with bindsTo. operation-tenancy_createOrgUnit.json CreateScopeNodeRequest has only 'level', 'parentId', 'code', 'name'. apisNote: '0 of 0 labels bound to a contract property'.
APP-CONSOLE-ADM-421	NO	other	gap	createOrgUnit requires parentId (the brand or region node above the venue) and code, but the screen has no operation that reads the tenant's scope tree and no field for code, so neither value can be filled.	CreateScopeNodeRequest required: ['level','parentId','code','name']; parentId 'Required for every level except tenant'; code '^[a-z0-9_]+$', 'Becomes the final ltree segment. Immutable once created.' The screen's apis list only openPlatformStaffGrant, listTenants, createOrgUnit and listOwnPlatformStaffGrants, and there is no code field in layout or in the formCreateOrgUnit modal ('Collects what `c
APP-CONSOLE-ADM-460	NO	needs-a-person	gap	The screen spec says plainly that it has no content and needs a person to define it before it is built, so there is nothing to build the charge breakdown from.	screen-ADM-460.json gaps: "The pack gives this screen nothing that can be drawn... The screen has no content region rather than an empty one, and it needs a person before it is built." Also: "0 of 0 labels bound to a contract property; 0 of 22 pack bullets carried onto the screen"
APP-CONSOLE-ADM-460	NO	other	contradiction	The listed states describe a filterable list loaded by a read, but the screen's only bound operation is a POST triggered by a user action. Nothing loads, nothing is filtered and nothing can fail on read, so the 'Done when' requirement to reach every listed state can't be met.	screen-ADM-460.json states: loading "The billing calculation charge list.", error "Names which read failed", emptyNoResults "The filter narrowed it..."; apis: only generateInvoice, trigger "onAction"; README: "reaches every state its spec lists... calls only its bound operations"
APP-CONSOLE-ADM-503	NO	other	contradiction	The screen's gap note says the operations return no schema with described properties, so the main table and detail panel are left unbound. But getForecast returns AiForecastPoint and AiForecastVersion with fully described properties (targetStart, p10/p50/p90, dimensionKey, drivers, unit), so the reason given for not binding is false.	screen-ADM-503.json gaps: "This screen's operations return no schema with described properties, so not one of its columns can be bound"; dataTable "bindsTo": null, "operation": null; operation-ai_getForecast.json AiForecastPoint properties p10/p50/p90/dimensionKey/drivers
APP-CONSOLE-ADM-503	NO	other	gap	getForecast requires definitionKey, but nothing on the screen or in its entry state says which forecast definition (ticket, product or timeslot demand) to request. The only data call can't be made without guessing.	operation-ai_getForecast.json parameters: {"name": "definitionKey", "in": "query", "required": true}; screen-ADM-503.json entryState.params only [{"name": "tenantId"}]
APP-CONSOLE-ADM-503	NO	other	had-to-guess	None of the six table and detail columns maps to a contract field. Cumulative Sales, Current Booking Curve, Historical Average and Product Relationships appear in no response schema, so the screen's core content would have to be invented, and 'calls only its bound operations' can't be tested.	screen-ADM-503.json dataTable columns ["Days Before Visit","Cumulative Sales","Current Booking Curve","Historical Average","Forecast Final Demand","Product Relationships"]; apisNote "0 of 6 labels bound to a contract property"
APP-CONSOLE-ADM-504	NO	other	contradiction	The screen's gap says its operations return no schema with described properties, so the table and detail panel are unbound (`bindsTo: null, operation: null`). But getForecast does return AiForecastPoint, which has described fields (dimensionKey, p10/p50/p90, unit, drivers), so the 'carried as text' columns are stale and nothing says how to map them.	screen-ADM-504.json gaps: "This screen's operations return no schema with described properties, so not one of its columns can be bound"; dataTable "bindsTo": null, "operation": null; apisNote "0 of 12 labels bound". operation-ai_getForecast.json AiForecastPoint properties p10/p50/p90/dimensionKey with descriptions.
APP-CONSOLE-ADM-504	NO	other	gap	getForecast requires `definitionKey`, but nothing in the screen or ticket says which forecast definition this screen reads, or how a channel breakdown is asked for through `dimensionKey`, so the main operation cannot be called correctly.	operation-ai_getForecast.json: parameter `definitionKey` "required": true; dimensionKey examples are only `customerSegment=<segmentId>` / `originCountry=AE` / `product=…;channel=web`. screen-ADM-504.json apis: getForecast has purpose "Forecast values", trigger onLoad, and no parameters.
APP-CONSOLE-ADM-505	guess	other	gap	None of the nine metric tiles is bound to an operation, field, definitionKey or dimensionKey, so I can't tell how each tile (Ticket, Membership, Add-On, F&B, Retail, Total, per Visitor, vs budget, Confidence Range) is computed from getForecast points.	screen-ADM-505.json apisNote: "0 of 0 labels bound to a contract property"; the metricTile components have only `label` and `provenance` and no `bindsTo` or `operation`
APP-CONSOLE-ADM-505	guess	other	had-to-guess	getForecast needs a `definitionKey`, but nothing on the screen says which forecast definition(s) back the revenue tiles or where the key comes from, so I would have to make the key up.	operation-ai_getForecast.json: parameter `definitionKey` "required": true. screen-ADM-505.json: apis[getForecast] has no params, there is no definition selector, and entryState.params is only `tenantId`
APP-CONSOLE-ADM-541	NO	needs-a-person	gap	The screen spec says it has no drawable content and needs a person before it is built, so the detail panel's fields, layout and explanation presentation are undefined.	screen-ADM-541.json gaps: "The pack gives this screen nothing that can be drawn... The screen has no content region rather than an empty one, and it needs a person before it is built."; apisNote: "0 of 0 labels bound to a contract property; 0 of 54 pack bullets carried onto the screen"; detailPanel is only "derived": true, "notes": "One record, read-only."
APP-CONSOLE-ADM-542	NO	needs-a-person	gap	The screen's main content is not defined. The spec says nothing in the pack can be drawn and a person must decide before it is built, so the provenance view itself has no specified fields.	screen-ADM-542.json gaps: "The pack gives this screen nothing that can be drawn... The screen has no content region rather than an empty one, and it needs a person before it is built."; the only content component is {"kind":"detailPanel","derived":true,"impliedBy":"getAiDecisionTrace","notes":"One record, read-only."}; apisNote: "0 of 0 labels bound to a contract property; 0 of 60 pack bullets car
APP-CONSOLE-ADM-542	NO	other	gap	The bound operation has no evidence or provenance data to show. AiDecisionTrace only has record, depth, explanation, activity, plan, interventions and chainVerified, and nothing tells me which of these (if any) gives 'which data and evidence contributed... and where each item originated'.	screen purpose: "Show exactly which data and evidence contributed to an AI decision and where each item originated." vs operation-ai_getAiDecisionTrace.json AiDecisionTrace properties: record, depth, explanation, activity, plan, interventions, chainVerified
APP-CONSOLE-ADM-545	NO	needs-a-person	gap	The screen spec says outright that it has no drawable content and needs a person to define it before it is built. The only content component is a derived detailPanel with no fields bound.	screen-ADM-545.json gaps: "The pack gives this screen nothing that can be drawn... The screen has no content region rather than an empty one, and it needs a person before it is built."; apisNote: "0 of 0 labels bound to a contract property; 0 of 65 pack bullets carried onto the screen"; detailPanel notes: "One record, read-only."
APP-DEVPORTAL-DEV-001	NO	no-bound-read	gap	The screen's main content is the per-operation request, response, scopes and error codes, the code samples and operation search, but no bound operation returns that content: listApiVersions returns version metadata, and listApiScopes returns scopes whose operations are untyped objects.	screen-DEV-001.json detailPanel bindsTo "operation": "Request, response, scopes and error codes" (provenance "carried from the previous definition"); states.error: "28 files load independently"; purpose: "Read the contract, and call it without leaving the page."; apis lists only listApiVersions and listApiScopes; ApiScope.operations: {"type":"array","items":"object"}
APP-MOB-GST-002	guess	other	contradiction	The screen has to read booking-flow settings (ticketCategories, cardLayout, showInfoOnly) from getTenantConfig, but that operation is not bound to the screen or linked, and the Done-when rule says the screen calls only its bound operations.	screen-GST-002.json notes: "Every booking-flow setting named here is read from `getTenantConfig` `bookingFlow`, resolved for the venue the guest picked"; apis lists only listProducts, listProductCategories, searchCatalogue; README Done when: "it calls only its bound operations"
APP-MOB-GST-005	guess	other	contradiction	listPerformances needs an eventId, but the screen opens from Home, and the link from Home carries no eventId. The screen's stated purpose is also venue-wide, so on a normal entry there is no event to list performances for.	operation-catalogue_listPerformances.json: "path": "/events/{eventId}/performances", eventId "required": true; screen-GST-005.json: "entryFrom": ["GST-001"], "inferred": true, transition to GST-001 "The edge carries nothing"; entryState params eventId "from": "deepLink" only; "purpose": "Find what's on for this venue."
APP-MOB-GST-008	guess	no-bound-read	gap	The screen has to show a live price on each ticket type, but no bound operation returns a price: ProductVariant has no price field, and no pricing or quote operation is linked.	screen-GST-008.json Ticket types notes: "Each row with a stepper and a live price"; states.loading: "The ticket types of the product, with prices."; apis: listProductVariants "The ticket types and prices". But the ProductVariant schema in operation-catalogue_listProductVariants.json has only id, productId, sku, axisValues, name, barcode, isDefault, isActive and description, with no price.
APP-MOB-GST-011	NO	no-bound-read	gap	Auto top-up needs a paymentTokenId that belongs to the guest, and a storedCard settlement needs one too, but no bound operation lists the guest's stored cards, so the screen cannot fill the field and also 'call only its bound operations'.	operation-wallet_setWalletAutoReloadSetting.json: "`reloadAmount` is charged to the stored card (`paymentTokenId`, one of the caller's own)"; 422 "a payment token that is not the holder's"; settleWalletAtExit body: "A guest may use `card` or `storedCard` only"; README Done when: "it calls only its bound operations"; screen apis lists 7 ops, none of them a payment-token read
APP-MOB-GST-021	guess	no-bound-read	gap	Nothing says where mapId comes from when the screen is opened from Home or At the Venue: it is the only entry parameter, it comes only from a deep link, and no bound operation lists or resolves a venue's map.	screen-GST-021.json entryState.params: [{"name":"mapId","from":"deepLink"}]; navigation.entryFrom: ["GST-001","GST-038"]; the GST-001 transition provenance says "GST-001 declares entryState.params and GST-021 holds none of them"; getVenueMap and getVenueMapGraph both require path mapId; apis lists only listProducts, getWaitTimes, getVenueMap, getVenueMapGraph
APP-MOB-GST-027	NO	other	gap	Nothing in the files says how to get the addCartLine variantId ("the car park's parking product") from a car park, because ParkingFacility has no product or variant field.	screen-GST-027.json overlay formAddCartLine: "Required: `variantId` (the car park's parking product), `quantity`"; operation-access_listParkingFacilities.json ParkingFacility properties are id, name, venueId, mode, capacity, takesPayment, vendor*, pushLeadMinutes, accessPointIds and isActive, with no product or variant id
APP-MOB-GST-028	guess	no-bound-read	gap	The screen promises to show the car park, the plate and the pass from the order, but the Order schema has no plate, parking-facility or entitlement field, and no bound operation reads the ParkingEntitlement.	screen-GST-028.json actionBar notes: "this screen confirms the order and shows the car park and plate from it"; emptyFirstRun: "until it appears the screen shows the order and says the car park pass follows"; offline: "stays on screen with its plate and car park". operation-orders_getOrder.json Order properties have no plate, facility or entitlement field. apis lists only getOrder and listParkingF
APP-MOB-GST-044	guess	other	gap	The screen has to show product prices converted to the chosen currency, but none of the bound operations returns a price: Product has no price field, and the list only has name and description columns.	screen-GST-044.json 'Prices in your currency' notes: "The venue's products with the price converted at the rate above; the venue's own currency stays the price charged" vs columns ["Product.name","Product.description"]; operation-catalogue_listProducts.json Product schema has no price property; apis lists only listFxRates and listProducts
APP-MOB-GST-045	NO	no-bound-read	gap	The send form needs the guest's tickets (entitlement ids) and an orderId, but no read operation that returns them is bound to the screen, and the Done-when allows calling only the bound operations.	screen-GST-045.json cardList "Tickets to send" notes "The guest's tickets as cards; ticking a card picks it." is bound to "operation": "transferOrderTickets" (a POST). apis lists only transferOrderTickets and listTicketTransfers. README Done when: "it calls only its bound operations". transferOrderTickets body: ticketIds are "the ids in `OrderLine.entitlementIds`".
APP-MOB-GST-045	NO	other	contradiction	The entry state needs an orderId from a deep link, but the only declared entry is from GST-001 Home, and that edge carries no parameters. Nothing defines how the screen gets the orderId the POST path requires when opened from Home.	screen-GST-045.json entryState.params: [{"name": "orderId", "from": "deepLink"}]; navigation.entryFrom ["GST-001"], transition provenance: "GST-045 holds none of them. The edge carries nothing"; transferOrderTickets path "/orders/{orderId}/transfer" orderId required.
APP-MOB-GST-050	guess	other	gap	The screen cannot call getAvailability from the data it has: the call needs exactly one of performanceId, channelCapacityId or eventId, but listProducts returns Products, and nothing in the files links a Product to any of these ids.	operation-catalogue_getAvailability.json: "Exactly one of `performanceId`, `channelCapacityId` or `eventId` is given." Product schema (operation-catalogue_listProducts.json) has no eventId/performanceId field; screen-GST-050.json: "The time grid calls it once with `eventId`, `from` and `to`" with no source for eventId.
APP-MOB-GST-050	guess	other	had-to-guess	The files never say what an add-to-cart request for a by-size (no-map) cabana should contain. addCartLine only describes cabanas booked through a map hold (resourceHoldId), which belongs to GST-074. The modal asks for a date and guests, but the request has no date field, and a cabana line is quantity 1.	operation-orders_addCartLine.json: "The guest held cabana B09 with `resources.createResourceHold`; the line sends `resourceHoldId` ... and `quantity` 1." screen-GST-050.json overlay: "**Type, date and guests**, then `addCartLine`"; notes: "This screen stays for a resource sold as capacity where the venue has no map". AddCartLineRequest has only performanceId/bookedWindow for a date.
APP-MOB-GST-051	guess	no-bound-read	wrong-link	The interests, shops and lunch pickers take their options from venue map points (VenuePoint.interestTags / retailTags / cuisineTags), but no bound operation returns venue points. Interests is bound to listProducts, which returns Products with segmentTags, not VenuePoint tags.	screen-GST-051.json "What are you most interested in?" operation: "listProducts", notes: "Interest tags from the venue's points (`VenuePoint.interestTags`)"; "Any shops..." notes: "Options are the `retailTags` of the shops and retail kiosks of the chosen parks"; lunch: "`VenuePoint.cuisineTags` of restaurants, cafes and food kiosks"; the apis list only getWaitTimes, listProducts, generateVisitPlan
APP-MOB-GST-052	guess	other	wrong-link	The 'Ready-made plans' list is bound to listProducts, but preset plans are not products, and no linked operation lists a venue's ready-made plans or presetKeys, so the main list has no source.	screen-GST-052.json layout: {"kind":"cardList","label":"Ready-made plans","operation":"listProducts","notes":"The venue's preset plans (e.g. *Thrill day*, *Family day*, *Relaxed day*), each a set of planner inputs"}; generateVisitPlan VisitPlanRequest.presetKey: "one of the built-in `preset` keys above, or a key of a ready-made plan the venue defines". The Product schema has no preset/interests/pa
APP-MOB-GST-054	guess	other	contradiction	The screen's central step, the agent's itinerary proposal through requestSuggestion, is pushed to Block A2 and shown as a 'Later' control. Yet the ticket is in Sprint 2 and is only done when it 'reaches every state its spec lists', which includes the 'proposed' state bound to requestSuggestion.	screen-GST-054.json apis requestSuggestion.purpose: "Later (CHG-RONEP-010): the planner agent's refinement in chat (AI-ENGINE-PLANNER); the rules plan still answers in A1 ships in Block A2 (Chinmay, 3 October); until then the control shows 'Later'." vs machine.states.proposed {operation: requestSuggestion} and README "Done when: GST-054 reaches every state its spec lists"; README "Sprint: Sprint 2
APP-MOB-GST-055	guess	other	gap	The rotation seed the app must use to compute the code on the device has no type, so the TOTP derivation (field names, algorithm values, digits, time step) can't be built or tested.	operation-access_getEntitlementCredential.json 200 schema: "rotation": "object" (inline, no named schema); description promises "the secret, the time step, the digits and the algorithm, valid from `validFrom` to `validTo`"; screen gaps: "`getEntitlementCredential` declares its response inline, so the component that shows it names fields but binds to no schema"
APP-MOB-GST-056	guess	other	gap	Nothing says how to turn a bundle and the guest's choices into an addCartLine request. AddCartLineRequest has no bundleId field and no field for choices, and the Bundle schema shown has no variantId, so I would have to guess what to send.	screen-GST-056.json overlay formAddCartLine: "**The choices the bundle asks for, and how many.** `addCartLine` with the bundle's variant."; AddCartLineRequest properties: variantId, quantity, performanceId, bookedWindow, …, attributes (no bundleId or choices); Bundle schema = allOf CreateBundleRequest + {id, savingsAmount, savingsPercentage, hasBeenSold, isActive}; getBundle lineage reads promotio
APP-MOB-GST-058	NO	other	gap	getAvailability needs exactly one of performanceId, channelCapacityId or eventId, but listProducts' Product has no performance, event or capacity id, so the screen can't get availability for a listed cabana without guessing, and the Done-when allows only the two bound operations.	operation-catalogue_getAvailability.json: "Exactly one of `performanceId`, `channelCapacityId` or `eventId` is given." Product schema (operation-catalogue_listProducts.json) has no eventId/performanceId; screen patternReason: "`listProducts` reads the population and `getAvailability` reads one of them"; README: "it calls only its bound operations"
APP-MOB-GST-059	guess	other	contradiction	On the visit day the plan has normally been booked, and a booked plan is read-only. That means the screen's two actions, "Re-order my day" and "Swap", would be refused in exactly the moment this screen exists for.	operation-venue-map_getVisitPlan.json VisitPlan.status: "`booked` after `bookVisitPlan`; a booked plan is read-only"; operation-venue-map_updateVisitPlan.json 409: "the plan is already `booked` (`plan-booked`; a booked plan is read-only, generate a new one)"; screen-GST-059.json purpose: "Today's plan while you are in the venue, re-ordered against live waits" and primaryButton "Re-order my day" → 
APP-MOB-GST-062	guess	other	contradiction	The screen loads 'every shop-and-drop waiting for the guest' as soon as it opens, but the only bound operation is an exact-match lookup that refuses a call with no identifier, so it cannot list a guest's drops on its own.	screen-GST-062.json apis: "trigger": "onLoad"; patternReason: "A status list of every shop-and-drop waiting for the guest"; operation-retail_lookupShopAndDrop.json parameters entitlementId/dropReference/receiptNumber all "Exact match", response 400 "No identifier supplied"
APP-MOB-GST-062	guess	other	gap	The screen says goods are claimed by 'the entitlement the guest is already carrying', but nothing says where the app gets the entitlementId(s) to send. No entitlement or ticket operation is bound, the Done-when allows only bound operations, and a guest with several tickets would need one call per ticket.	screen-GST-062.json notes: "Claimed by the entitlement the guest is already carrying"; README Done when: "it calls only its bound operations"; apis lists only lookupShopAndDrop
APP-MOB-GST-069	NO	other	gap	None of the bound operations returns the guest's passes or entitlements, so the screen can't get the required entitlementId for enrolFacePass. It also can't get Entitlement.facePassEnrolmentId, which getFacePassEnrolment needs as enrolmentId when the screen opens without one.	operation-access_getFacePassEnrolment.json: "A screen opening on a guest's pass has the entitlement, not the enrolment: `Entitlement.facePassEnrolmentId` carries the id"; screen-GST-069.json entryState params are only enrolmentId (optional, deepLink) and subjectId (session); the GST-039 transition carries only ["subjectId"]; enrolFacePass body requires "entitlementId"; Done when: "it calls only it
APP-MOB-GST-069	NO	other	had-to-guess	No face-capture SDK or template format is named, so the client can't produce the required `template` field.	operation-access_enrolFacePass.json: "The face-capture SDK and the template format are an open value (decided 28 September, audit R077 (b)) ... the client names that vendor"; body requires "template"
APP-MOB-GST-071	NO	no-bound-read	gap	storePaymentToken requires providerId and consentPurposeId, but the overlay says neither is ever a field, and no bound operation supplies a provider or a consent purpose. The done-when rule says the screen 'calls only its bound operations', so it cannot fetch them either.	operation-orders_storePaymentToken.json body required: ["providerId","providerToken","consentPurposeId"]; screen-GST-071.json overlays.formStorePaymentToken.body: "No token, provider or consent id is ever a field."; README Done when: "it calls only its bound operations"
APP-MOB-GST-071	NO	other	gap	transferWalletBalance needs a walletId in its path, but nothing on the screen gives one. No wallet operation is bound and no wallet record is shown, yet entryState says the id comes from 'the record the user acts on'.	operation-wallet_transferWalletBalance.json path "/wallets/{walletId}/transfer", walletId required; screen-GST-071.json entryState walletId: "optional ... `transferWalletBalance` takes the id from the record the user acts on"; the only collection is "bindsTo": "PaymentToken"
APP-MOB-GST-074	guess	no-bound-read	gap	addCartLine requires the spot's price-band `variantId`, but no bound operation returns a variantId for a placed resource: PlacedResource exposes only `priceBandCode`, and the items of `MapResourceAvailability.resources` are typed as a bare `object`.	operation-orders_addCartLine.json: "the line sends `resourceHoldId` with `variantId` = the placed resource's price-band variant"; screen-GST-074.json detailPanel columns: "PlacedResource.priceBandCode"; operation-resources_getMapResourceAvailability.json: "resources": {"type": "array", "items": "object"}
APP-MOB-GST-078	guess	no-bound-read	gap	addCartLine requires a variantId, but PassOffer only returns catalogueProductId, and no bound operation turns a product into its openDated variant, so 'Choose' cannot build its request.	operation-transport_listTransportPassOffers.json PassOffer required: ["passTypeId","catalogueProductId","name","price","validityDays"] (no variantId); operation-orders_addCartLine.json AddCartLineRequest required: ["variantId","quantity"] and 'A pass carries the pass type's `openDated` product variant'; screen-GST-078.json Choose notes: 'A pass: the pass product's `variantId`'; README Done when: '
APP-PARTNER-PTR-001	guess	other	contradiction	The ticket says to build against the r1 release tag, but the browser door only works with post-r1 changes that are uncommitted in this local package. At the r1 tag, workstationId was required on every login, so PTR-001 could not sign in at all.	README: "Written at release `r1`" / "The rest of the spec ... lives in ADAM at the release tag" vs "built from the local package ... (857986c1d8f2, uncommitted changes), not pulled from ADAM"; LoginRequest: "It was required on every login, so no browser could sign in: ... the partner portal (PTR-001)" (CHG-DOOR-001, 2 October 2026); Session.saleBoardId: "breaking change against r1 approved as BC-0
APP-POS-KIT-002	guess	other	gap	The Notify server button can't be wired: notifyServer needs a visitId in its path, but KitchenTicket has no visitId field and the screen only gets visitId from an optional deep link on a screen that is always opened cold.	operation-fnb_notifyServer.json path "/table-visits/{visitId}/notify-server" (visitId required); KitchenTicket properties list id, orderId, orderNumber, outletId, tableLabel… but no visitId; screen-KIT-002.json entryState: {"name":"visitId","from":"deepLink","optional":true} and coldEntry: "Cold is the only way in."
APP-POS-KIT-008	guess	other	gap	The screen has a 'Bump' primary button bound to no operation, while the states promise that bumps queue and sync. The only ticket-status operation was removed, so Bump can't be built under 'calls only its bound operations'.	screen-KIT-008.json contentBody: {"kind":"primaryButton","label":"Bump","provenance":"carried from the previous definition"} (no operation); states.error: "every bump is queued"; states.offline: "every bump journals locally"; gaps: setKitchenTicketStatus "removed": true (CHG-WIR-008)
APP-POS-KIT-010	NO	other	gap	The screen's own notes say the reads behind its tiles (kitchen performance, station performance, demand forecast, recommendations) do not exist yet, so the screen's main content has no data source.	screen-KIT-010.json notes: "kitchen performance, station performance, demand forecast and the recommendations... The named reads behind those tiles do not exist yet (open entry CHG-SPO-019)."
APP-POS-KIT-010	NO	other	gap	getDashboard needs dashboardId, but nothing gives the screen a valid one: the entry param says it comes from KIT-002, KIT-002 is not an entry point, and the only way in is a cold start with no dashboardId.	screen-KIT-010.json entryState.params: {"name":"dashboardId","from":"KIT-002"}; navigation.entryFrom: ["KIT-001"]; transitions provenance: "The edge carries nothing"; coldEntry: "Cold is the only way in."
APP-POS-POS-000	guess	other	contradiction	The offline state says the operator signs in against a cached operator list, but login cannot work offline and no contract says how a PIN is checked on the device. The error state also tells the screen to report that Identity is unreachable, so it is unclear which of the two applies when the network is down.	screen-POS-000.json states.offline: "Signs in against the cached operator list and syncs when the link returns"; states.error: "Identity could not be reached. Says so rather than saying the PIN is wrong"; operation-identity_login.json "offlineCapable": false
APP-POS-POS-007	guess	other	gap	None of the bound operations lets POS-007 find a shift that is already pendingVariance or counted on another till, or read its expected cash and variance, yet the contract says the supervisor accepts or rejects 'from whichever till they are at' and the cashier recounts 'at any till'.	getCurrentShift: 'The open or suspended shift on the session's workstation', 404 'No shift open or suspended on this workstation (no-current-shift)'. acceptShiftVariance: 'The till the shift was counted on may already be another cashier's, so the supervisor accepts from whichever till they are at'. submitShiftCount: 'the supervisor sees counted, expected and variance there (`getShift`, `closeShift
APP-POS-POS-008	NO	other	gap	The screen must show this terminal's day only, but the contract has no way to narrow a run to a terminal or a cashier. The only narrowing is venueId, and leaving it out widens the result to the caller's whole scope.	screen notes: "This terminal's day, not the venue's". runReport RunReportRequest has only parameters, venueId, dateFrom, dateTo and forceAsync, and venueId says "Omitting it returns everything the caller's scope permits". The formRunReport overlay even lets the user enter venueId at the till
APP-POS-POS-008	NO	permission	contradiction	The screen's permission model doesn't match the permission every bound operation requires, so the allowed-user and refused-user test cannot be written.	screen-POS-008.json states.emptyNoAccess: "Shown when the caller holds neither REPORT_VIEW_OWN ... nor REPORT_VIEW_WORKSTATION ... Never the venue-wide report permission". But all four bound operations declare "permission": "REPORT_VIEW_VENUE". README Done when: "an allowed and a refused user see what its permissions say"
APP-POS-POS-020	guess	no-bound-read	gap	The screen is an approval inbox whose 'Decide approval request' needs a requestId, but its only list is listAlerts, which returns Alert records that carry no approval requestId; no bound operation lists approval requests, so there is nothing to decide from the queue.	screen-POS-020.json patternReason: "`decideApprovalRequest` decides items that `listAlerts` queues"; decide path "/approval-requests/{requestId}/decide"; the Alert schema in operation-reporting_listAlerts.json has no request id; entryState requestId is "from: deepLink, optional"
APP-POS-POS-021	guess	other	gap	No operation is bound for 'Send to kitchen' or for reading Outlet.paymentTiming, but the Pay button and the POS-022 transition both depend on them. The only operation attached to the order reaching the pass is evaluatePromotions, which is the wrong one.	screen-POS-021.json Pay notes: "Send first (the default, audit R261): Send to kitchen, then Charge... The button order and labels follow `Outlet.paymentTiming`"; transition to POS-022 trigger "The order goes to the pass before the guest pays" with "operation": "evaluatePromotions". The ticket touches only getGuestMenu, addCartLine, evaluatePromotions and setItemAvailability.
APP-POS-POS-023	guess	other	contradiction	The screen binds two different ways to make a sale: addCartLine followed by Charge to POS-005, and a direct createRetailSale that itself creates the order and depletes stock. Nothing says which one a merchandise sale uses, or whether both are used and in what order.	screen-POS-023.json actionBar has both 'Add cart line' (addCartLine) and 'Create retail sale' (createRetailSale), and Charge transitions to POS-005 with precondition 'cart.lineCount > 0'. operation-retail_createRetailSale.json: 'Creates an order in the Order & Payment context and a saleDepletion movement ... in one transaction.'
APP-POS-POS-024	guess	no-bound-read	gap	No bound operation reads the outlet's existing table combinations, but setTableCombinations replaces the whole set with a PUT. The Combinations panel cannot show what is already declared, and saving would overwrite combinations it never loaded.	operation-fnb_setTableCombinations.json: PUT /outlets/{outletId}/table-combinations, body {combinations[]}, 200 "Set. The outlet's combinations". screen-POS-024.json: the Combinations detailPanel has no bindsTo and no operation, and apis lists only getTableMap and getGuestMenu as onLoad. TableMap has only outletId, zones and tables, with no combinations.
APP-POS-POS-025	guess	other	contradiction	Reopen shift can never work from this screen: the shift it acts on is always open or suspended, and reopenShift only accepts a closed shift.	screen-POS-025.json coldEntry: "Suspend and Reopen act on its id" (the id from getWorkstationShift); operation-shift_getWorkstationShift.json title: "Read the open or suspended shift", 404 when none is open; operation-shift_reopenShift.json 409: "Shift is not closed (problem type `shift-not-closed`)"
APP-POS-POS-026	NO	other	gap	The screen binds a detail panel to Order and a table to Entitlement, but no operation that reads an order or lists its entitlements is linked. The Done-when line says the screen calls only its bound operations, so these two regions cannot be filled.	screen-POS-026.json layout: {"kind":"detailPanel","label":"The order, as it was sold","bindsTo":"Order"}, {"kind":"dataTable","label":"What was issued against it","bindsTo":"Entitlement"}; apis[] lists only reprintReceipt, reprintOrder, reissueEntitlement, issueTaxInvoice, getTaxInvoice, getTaxDocumentRendition; README: "it calls only its bound operations"
APP-POS-POS-027	NO	other	gap	'Attach to sale' is the screen's purpose, but it has no operation and the link to POS-002 carries no guest, so the chosen guest cannot reach the sale.	screen-POS-027.json: primaryButton 'Attach to sale' has no operation; transition to POS-002: 'The edge carries nothing: cardCode, orderId, productId, promotionId only pre-select'; purpose: 'so the sale carries their entitlements and their wallet'
APP-POS-POS-029	guess	other	contradiction	The screen has an 'Advance stage' button and per-stage actions (send to kitchen, mark ready, dispatch, mark delivered, reopen), but listFnbOrders is its only bound operation, and the Done-when says it may call only its bound operations.	screen-POS-029.json layout: {"kind": "primaryButton", "label": "Advance stage"}; notes: "received → *send to kitchen*, preparing → *mark ready*, ready → *dispatch / hand over*, out for delivery → *mark delivered*, completed → *reopen*"; apis: only listFnbOrders (trigger onLoad); README Done when: "it calls only its bound operations"
APP-POS-POS-031	guess	other	gap	The 'Groups due today' rows from listGroupArrivalCheck have no group id, so selecting a row cannot supply the groupBookingId that getGroupBooking and recordGroupCheckIn need in their path.	operation-orders_listGroupArrivalCheck.json GroupArrivalCheckInAdmissionOperationsView properties: groupsExpectedToday, arrivalTime, actualArrival, groupSize, checkedIn, remaining, gate, groupLeader, readiness, ... issues (no id/groupBookingId); screen-POS-031.json entryState: "`getGroupBooking`, `recordGroupCheckIn` take the id from the record the user acts on"; getGroupBooking path /group-bookin
APP-SETUP-ADM-069	NO	other	contradiction	The purpose is to manage many reusable tax profiles, but the contract has one record per venue: there is no list operation and no id in the path, so the screen cannot list, pick or create a second profile.	screen-ADM-069.json purpose: "Define reusable tax profiles…"; View.taxProfileId: "Tax profile ID; empty on create"; the get and set operations are both `GET/PUT /tax-profile-jurisdiction` with parameters [] (only the Idempotency-Key header on the PUT) and return a single TaxProfileJurisdictionConfigurationView
APP-SETUP-ADM-069	NO	other	gap	The invoice-template list and save need a legal entity, the UAE auto-issue lock needs to know whether that entity is VAT-registered, and the e-invoicing save needs a legal entity id. None of the bound operations supplies legal entities, and the Done-when says the screen may call only its bound operations.	listTaxInvoiceTemplates param `legalEntityId`; FinTaxInvoiceTemplate required [legalEntityId, documentKind, numberPrefix, languages]; the toggle note says "On and locked for a UAE VAT-registered legal entity"; Done-when: "it calls only its bound operations"; listLegalEntities is mentioned only as "shape follows listLegalEntities"
APP-SETUP-ADM-077	NO	needs-a-person	gap	The screen spec says its content is undefined and that a person must decide it before it is built, so the data table's columns and the whole layout are guesses.	screen-ADM-077.json gaps: "The pack gives this screen nothing that can be drawn... The screen has no content region rather than an empty one, and it needs a person before it is built." Also patternReason: "nothing in the pack chooses a pattern for this screen... It falls to the default"; apisNote: "0 of 0 labels bound to a contract property; 0 of 121 pack bullets carried onto the screen"
APP-SETUP-ADM-077-REST	NO	needs-a-person	gap	The screen spec itself says no content can be drawn yet and a person has to define it before it is built, so the table columns, the detail pane and the layout would all be guesses.	screen-ADM-077.json gaps: "The pack gives this screen nothing that can be drawn... The screen has no content region rather than an empty one, and it needs a person before it is built." Also patternReason: "nothing in the pack chooses a pattern for this screen... It falls to the default"
APP-SETUP-ADM-164	NO	no-bound-read	gap	The main 'Every code distribution' table, the detail panel and the preloaded entry fields are bound only to a PUT that runs on action, so no read operation fills them when the screen loads.	screen-ADM-164.json: dataTable 'Every code distribution' "bindsTo": "CodeDistributionAssignmentManagerView", "operation": "setCodeDistributionManager"; apis: setCodeDistributionManager "trigger": "onAction"; entryState.preloaded lists View.generated…redeemed; operation file: "method": "PUT", "path": "/code-distribution-manager"
APP-SETUP-ADM-164-REST	NO	other	contradiction	The screen is a listDetail of many 'code distributions' with a selected row, but the view schema is one object with no id or key, so rows cannot be listed, told apart or selected.	screen-ADM-164.json "pattern": "listDetail", detailPanel "The selected code distribution"; CodeDistributionAssignmentManagerView: "type": "object" with properties channelsType...partner, no id; "Not a row - the screen is a view"
APP-SETUP-ADM-164-REST	NO	other	gap	'Save changes' submits CodeDistributionAssignmentManagerInput, but the screen has no form or fields for its inputs (channelsType, assigneeType, batchId, assigneeReference, quantity); the detail panel shows only read-only metric columns.	screen-ADM-164.json actionBar primaryButton "Save changes"; detailPanel columns = generated/assigned/sent/delivered/viewed/redeemed/expired/cancelled; Input properties channelsType, assigneeType, batchId, assigneeReference, quantity
APP-SETUP-ADM-164-REST	NO	other	gap	The main 'Every code distribution' table and the preloaded entry state need a read of CodeDistributionAssignmentManagerView, but the only operation that returns it is a PUT write, and no GET or list operation exists for it.	screen-ADM-164.json: dataTable "label": "Every code distribution" ... "operation": "setCodeDistributionManager"; apis: setCodeDistributionManager "trigger": "onAction"; states.loading "The code distribution list."; operation-promotions_setCodeDistributionManager.json "method": "PUT"
APP-SETUP-ADM-342-REST	guess	needs-a-person	gap	The screen spec itself says the pack gives no content that can be drawn and that a person must decide before the screen is built. Its layout is a fallback default, not a decision.	screen-ADM-342.json gaps: "The pack gives this screen nothing that can be drawn... it needs a person before it is built"; "its shape is a default rather than a reading. It needs a person before it is built."; patternReason: "nothing in the pack chooses a pattern for this screen"
APP-SETUP-ADM-412	NO	other	gap	The save form is not specified. setPaymentProvider requires PaymentProvider plus routing, but the screen only has a methods multiSelect. There are no inputs for the required name, kind and isActive fields, or for credentialRef, currencies, channels, scopeLevel/scopePath and routing. The PaymentRouting schema is referenced but not included.	operation-orders_setPaymentProvider.json: SetPaymentProviderRequest allOf [PaymentProvider, {routing: PaymentRouting[]}], PaymentProvider required [id, name, kind, isActive], refs include "PaymentRouting" with no schema given; screen-ADM-412.json actionBar has only multiSelect "Payment methods" (bindsTo "PaymentProvider.id", columns supportedMethods) and "Save payment provider"
APP-SETUP-ADM-412	NO	other	gap	The screen spec says it cannot be built without a person, and the pack's acceptance conditions were left out.	screen-ADM-412.json gaps: "The pack gives this screen nothing that can be drawn... The screen has no content region rather than an empty one, and it needs a person before it is built." apisNote: "3 of 24 pack bullets carried onto the screen — the rest are acceptance prose, worked examples..."
APP-SETUP-ADM-412-REST	NO	needs-a-person	gap	The screen spec itself says it has no drawable content and must not be built without a person, yet the ticket is planned in Sprint 1 to build it.	screen-ADM-412.json gaps: "The pack gives this screen nothing that can be drawn... The screen has no content region rather than an empty one, and it needs a person before it is built."; patternReason: "nothing in the pack chooses a pattern for this screen... It falls to the default"
APP-SETUP-ADM-506-REST	NO	other	gap	getForecast and getForecastAccuracy both require definitionKey and are called on load. The screen has no definition picker and no entry parameter that provides one, so the on-load calls cannot be made.	operation-ai_getForecast.json / operation-ai_getForecastAccuracy.json: definitionKey "required": true; screen-ADM-506.json apis trigger "onLoad"; entryState.params only ["tenantId"]
APP-SETUP-ADM-523-REST	guess	other	gap	The draft body needs at least one AiGovernanceRule, and each rule needs `effect` (type AiGovernanceOutcome). Neither the screen nor the bundle defines `effect`, so Save draft cannot send a valid rule.	operation-ai_createAiGovernancePolicyDraft.json AiGovernanceRule: "required": ["effect"], "effect": "AiGovernanceOutcome" (refs AiGovernanceOutcome, not included). screen-ADM-523.json gives only one rule input: multiSelect "Actions the rule covers" bound to `AiGovernancePolicyVersion.rules`. Nothing on the screen covers effect, capabilityKeys, dataCategories, roleIds, environments, maxAmount or co
APP-SETUP-ADM-528	guess	needs-a-person	gap	The screen spec says it has no drawable content and needs a person before it is built, yet it also gives a full default layout, so it is unclear whether the layout is approved or a placeholder.	screen-ADM-528.json gaps: "The pack gives this screen nothing that can be drawn... The screen has no content region rather than an empty one, and it needs a person before it is built." and patternReason: "nothing in the pack chooses a pattern for this screen... It falls to the default"; apisNote: "0 of 0 labels bound to a contract property; 0 of 266 pack bullets carried onto the screen"
APP-SETUP-ADM-570	NO	needs-a-person	gap	The screen defines nothing to draw: there are no list columns, detail fields or form fields, and the spec itself says a person has to decide them before it is built.	screen-ADM-570.json gaps: "The pack gives this screen nothing that can be drawn... The screen has no content region rather than an empty one, and it needs a person before it is built."; layout contentBody "components": []; patternReason: "nothing in the pack chooses a pattern for this screen... It falls to the default"
APP-SETUP-ADM-570-REST	NO	needs-a-person	gap	The screen spec says the content region is undefined and that a person must decide it before anyone builds it, yet the ticket is planned for Sprint 1. I would have to make up the directory columns, the detail pane and the create form.	screen-ADM-570.json gaps: "The pack gives this screen nothing that can be drawn... The screen has no content region rather than an empty one, and it needs a person before it is built."; layout contentBody "components": []; patternReason: "nothing in the pack chooses a pattern for this screen"; ticket.json "sprint": 1
APP-SETUP-ADM-570-REST	NO	other	gap	The create operation says credentials are written, but the request schema has no field for writing a credential. The only credential field is credentialFingerprint, which is readOnly. The "connect a provider" form cannot send a key.	operation-payments_createPaymentProviderConnection.json description: "Credentials are written and never read back. The response carries a fingerprint"; body schema PaymentProviderConnection properties: only "credentialFingerprint": {"readOnly": true}
APP-SETUP-BO-044	guess	no-bound-read	gap	No bound operation lists corrective actions, so the screen has no way to get the actionId that record, sign, escalate and close all need. getHaccpStatus only returns counts.	operation-fnb_getHaccpStatus.json response: checksDue, checksMissed, openActions, unsignedActions (integers only); record/sign/escalate/closeCorrectiveAction all take path param `actionId` (required)
APP-SETUP-BO-048	NO	other	gap	The Create form needs a catalogue variant chosen by product name (a required field), but none of the screen's operations lists variants, and the Done-when rule says the screen may call only its listed operations.	screen-BO-048.json overlays.formCreateMerchandise: "Required: `sku`, `name`, `outletId`, `variantId` ... `variantId` ... pickers (the catalogue variant by product name ...), never typed ids"; apis lists only listMerchandise, createMerchandise, updateMerchandise, listOutlets; README Done when: "it calls only its bound operations"
APP-SETUP-BO-048-REST	guess	no-bound-read	gap	The screen and its modals need pick lists by name for category, catalogue variant and stock item, but no bound operation returns those names. Done-when says the screen 'calls only its bound operations', so these pickers can't be built.	screen-BO-048.json: Category selectField 'A pick list of the shop's categories by name' is bound to operation listMerchandise, which returns only MerchandiseItem.categoryId and no category names. formCreateMerchandise: '`outletId`, `variantId`, `categoryId` and `inventoryItemId` are pickers (the shop, the catalogue variant by product name, the category, the stock item by name), never typed ids'. T
APP-SETUP-BO-054	guess	other	gap	The screen is called Role Assignment, but none of its bound operations gives a role to a principal; the contracts say a grant goes through createDelegatedAccess, which is not bound, and the Done-when only allows bound operations.	README: 'it calls only its bound operations'. listRoles description: 'Grants (`createDelegatedAccess`) attach a role or a single permission to a principal at a scope.' suggestRoleAssignment: 'Advisory. A person grants (`createDelegatedAccess`, with its approvals where the role needs them)'. createDelegatedAccess is not in the 'What this touches (12)' list.
APP-SETUP-BO-093	guess	other	gap	Accepting or rejecting a proposal never closes it, because the closing operation (ai.decideProposedAction) is not one of this screen's bound operations. Open proposals block the publish, and the Done-when says the screen may call only its bound operations.	operation-venue-map_acceptVenueLabelProposals.json: "Accepting writes a point and does not touch the proposal. `ai.decideProposedAction` closes it"; operation-venue-map_acceptWalkwayProposals.json: "A proposal not decided stays open and blocks the publish (`unresolvedProposal`), as a label proposal does." (its lineage writes only venuemap.path/point); README Done when: "it calls only its bound ope
APP-SETUP-BO-1045	NO	needs-a-person	gap	The screen spec says it has no defined content region: no columns, fields or form. It also says a person has to define it before it is built, so the table and the create/edit form would be invented.	screen-BO-1045.json gaps[0]: "The pack gives this screen nothing that can be drawn... The screen has no content region rather than an empty one, and it needs a person before it is built." gaps[1]: "its shape is a default rather than a reading. It needs a person before it is built." patternReason: "nothing in the pack chooses a pattern for this screen"
APP-SETUP-BO-1045-REST	NO	needs-a-person	gap	The screen spec says outright that it defines no fields or content and needs a person before anyone builds it, so the layout would be my guess, not a spec I can build to.	screen-BO-1045.json gaps[0]: "The pack gives this screen nothing that can be drawn... The screen has no content region rather than an empty one, and it needs a person before it is built."; gaps[1]: "its shape is a default rather than a reading. It needs a person before it is built."; patternReason: "nothing in the pack chooses a pattern for this screen"
APP-SETUP-BO-1062-REST	guess	needs-a-person	gap	The screen's own spec says it cannot be built yet. Its stated purpose (legal entity, brand, region, isolation, encryption, export restriction, cross-brand sharing, support access, audit history) has no matching operations or fields.	screen-BO-1062.json gaps: "The pack gives this screen nothing that can be drawn... it needs a person before it is built." and "its shape is a default rather than a reading. It needs a person before it is built." purpose: "Maintain tenant, legal entity, brand, region, venue ownership, status and data-residency classification. Configure tenant isolation, encryption context..."
APP-SETUP-BO-1094	NO	other	contradiction	The screen describes a list of funding methods that can be created, edited and deactivated, but the contract has only one rules object, a fixed enum of funding sources, and no create or deactivate operation.	screen-BO-1094.json purposeNote: "Administrators can introduce, modify or deactivate wallet funding methods through configuration". states.emptyFirstRun: "No funding method configured yet. Carries the create action". operation-wallet_setWalletFundingRules.json: a single PUT /wallet-funding-rules, and allowedFundingSources is an enum [card, cash, bankTransfer, voucher, corporateAccount, loyaltyConv
APP-SETUP-BO-1094	NO	other	gap	None of the screen's 18 per-method fields maps to a WalletFundingRules property, so the form has nothing to read from or save to.	screen-BO-1094.json apisNote: "0 of 0 labels bound to a contract property". The fields are 'Funding method name', 'Internal code', 'Funding category', 'Payment service/provider', 'Supported currencies', 'Applicable credit types', 'Customer verification requirement', 'Authorization requirement', 'Refund/reversal eligibility', 'Fees', 'Effective dates' and 'Active/inactive status'. WalletFundingRule
APP-SETUP-BO-1094-REST	NO	other	contradiction	The screen expects funding methods to be records that can be created and deactivated, but the contract has no create or delete operation, and funding sources are a fixed enum inside one rules object.	screen-BO-1094.json purposeNote: "Administrators can introduce, modify or deactivate wallet funding methods through configuration without changing application code". The emptyFirstRun state says it "Carries the create action". The contract exposes only PUT /wallet-funding-rules, and allowedFundingSources is enum [card, cash, bankTransfer, voucher, corporateAccount, loyaltyConversion].
APP-SETUP-BO-1094-REST	NO	other	contradiction	The screen's form fields have no matching properties in the WalletFundingRules schema, which is the only thing either bound operation reads or writes, so most of the form can be neither loaded nor saved.	screen-BO-1094.json apisNote: "0 of 0 labels bound to a contract property". The fields include "Funding method name", "Internal code", "Funding category", "Payment service/provider", "Supported currencies", "Applicable credit types", "Customer verification requirement", "Refund/reversal eligibility", "Fees", "Effective dates" and "Active/inactive status". WalletFundingRules has only walletTypeId, 
APP-SETUP-BO-111	NO	other	gap	The Recipe schema has no recipe id, so the screen cannot get the recipeId it needs for listIngredientSubstitutes, setIngredientSubstitutes and SubstitutionRule.recipeId.	operation-fnb_listRecipes.json Recipe properties are only menuItemId, yield, ingredients and costPerPortion; listIngredientSubstitutes path is "/recipes/{recipeId}/substitutes"; SubstitutionRule requires "recipeId"; screen entryState says recipeId is "Optional ... the screen lists them with `listRecipes` and the user picks one"
APP-SETUP-BO-1111	guess	other	gap	The screen loads listCreditLots onLoad, but that operation requires a walletId, and the screen has no wallet picker and receives no wallet in its entry state, so the main table cannot load.	operation-wallet_listCreditLots.json: "name": "walletId", "in": "query", "required": true; screen-BO-1111.json apis: listCreditLots "trigger": "onLoad"; entryFrom ["BO-1103","BO-101"]; entryState.preloaded lists only bucket labels, no wallet
APP-SETUP-BO-1111-REST	guess	other	gap	The screen loads listCreditLots on page load, but that operation needs a walletId. Neither entry screen nor the screen itself supplies one, and no operation lists lots across a venue by expiry window.	operation-wallet_listCreditLots.json parameters: `walletId` in query, "required": true; screen-BO-1111.json apis: listCreditLots "trigger": "onLoad"; navigation entryFrom ["BO-1103","BO-101"] with no parameters
APP-SETUP-BO-112	guess	other	gap	Nothing reads production plans, but release and print-prep-sheet both need a planId. The screen also says that opening it without a planId builds a new plan, which would create a draft every time someone opens the page, and existing drafts could never be found again.	screen-BO-112.json gaps: "Contract gap recorded 2 October 2026 (CHG-WIR-011): No read of production plans (list or get)."; entryState planId: "opened without it, the screen makes one with `buildProductionPlan`"; releaseProductionPlan path /production-plans/{planId}/release; printPrepSheet /production-plans/{planId}/prep-sheet
APP-SETUP-BO-112-REST	guess	other	gap	No operation lists or gets a production plan, so the screen can't show, reopen or pick a plan, but releaseProductionPlan and printPrepSheet both need a planId.	screen-BO-112.json gaps: "Contract gap recorded 2 October 2026 (CHG-WIR-011): No read of production plans (list or get)."; releaseProductionPlan path /production-plans/{planId}/release; printPrepSheet path /production-plans/{planId}/prep-sheet
APP-SETUP-BO-1146	NO	other	gap	No operation reads the wallet refund policy, so the wallet section cannot show the saved policy, have an If-Match version for its 412 check, show its first-run empty state, or be shown read-only to a user who lacks WALLET_CONFIGURE.	screen-BO-1146.json apis: only getRefundPolicy (orders) is onLoad; setWalletRefundPolicy is onAction only. The detailPanel binds to 'RefundPolicy' via 'getRefundPolicy', not WalletRefundPolicy. states.loading: 'The refund-to-wallet policy configuration as saved.' notes: 'A user holding one sees the other read-only.'
APP-SETUP-BO-1146	NO	other	had-to-guess	None of the 21 form fields is bound to a contract property, and most have no matching property in RefundPolicy or WalletRefundPolicy, so the form's contents and what each field sends would be guesses.	screen-BO-1146.json apisNote: '0 of 0 labels bound to a contract property'. The fields 'Original wallet', 'Cash Credit', 'Refund fee', 'Transferability', 'Withdrawal eligibility', 'Refund-credit expiry', 'Original customer requirement' and 'Example' are all selectField, and 'Wallet → AED 200 returned' is a textField (a worked example). The schema properties (defaultDestination, destinationsBySourc
APP-SETUP-BO-1146-REST	NO	other	gap	None of the screen's 21 fields is bound to a contract property, and most labels have no matching field in RefundPolicy or WalletRefundPolicy, so I would have to guess what each control reads and writes.	screen-BO-1146.json apisNote: "0 of 0 labels bound to a contract property". The fields include "Cash Credit", "Refund fee", "Refund validity", "Refund-credit expiry", "Transferability", "Withdrawal eligibility", "Original customer requirement", "Example" and the textField "Wallet → AED 200 returned". The schemas only offer selfAuthoriseLimit, requiresSecondUserAbove, requiresApprovalAbove, timeBan
APP-SETUP-BO-1146-REST	NO	other	gap	Nothing on this screen reads the wallet refund policy. The screen can save it but cannot show what is saved, cannot fill the form, cannot get the If-Match version, and cannot tell whether to show the first-run empty state for that section.	screen-BO-1146.json apis: the only onLoad call is getRefundPolicy (orders), and setWalletRefundPolicy is onAction only. states.loading: "The refund-to-wallet policy configuration as saved." and emptyFirstRun: "No refund-to-wallet policy configured yet." setWalletRefundPolicy has an If-Match parameter and a 412 response.
APP-SETUP-BO-1162-REST	guess	no-bound-read	gap	setWalletRiskRuleStatus needs a ruleCode, but no bound operation lists risk rules, and the screen's records are config versions and audit records, which carry no ruleCode. Emergency disable and Rule suspension therefore have no rule to act on.	operation-wallet_setWalletRiskRuleStatus.json path "/wallet-risk-rules/{ruleCode}/status"; screen-BO-1162.json entryState ruleCode note: "`setWalletRiskRuleStatus` takes the id from the record the user acts on"; WalletConfigurationVersion has no ruleCode; Done when: "it calls only its bound operations".
APP-SETUP-BO-1162-REST	guess	other	gap	Every column in the main table and detail panel is a pack label that no bound response returns, so the core list can't be bound. The onLoad operation returns version/publishedAt/publishedBy/note/findings, which are none of these columns.	screen-BO-1162.json dataTable columns ["Risk policies","Rule versions","AI configuration version","Thresholds",...,"Change Governance"], "bindsTo": null; gaps: "not one of its columns can be bound"; apisNote: "0 of 11 labels bound to a contract property".
APP-SETUP-BO-1189	guess	other	gap	The preview is typed only as a bare object, and the referenced TransportNetworkImportStatus and TransportNetworkImportFinding schemas were not included, so the detail panel, the status handling and the findings list cannot be built without guessing.	TransportNetworkImport: "preview": "object"; refs ["TransportNetworkImportFinding","TransportNetworkImportStatus"] not expanded in any file. The screen expects "stations, routes, stops and timetables to create and to update; the findings list each problem with its file, row and severity"
APP-SETUP-BO-133	guess	other	gap	`runReport` needs a `reportId` path parameter, and the only stated source is `listSeededReports`, which is not one of the screen's bound operations; there is also no report record on this screen for the user to act on.	screen-BO-133.json Run report notes: "`reportId` is the venue's seeded definition with that code, listed on `listSeededReports`"; entryState reportId: "`runReport` takes the id from the record the user acts on"; operation-reporting_runReport.json: reportId in path, required: true; Done when: "calls only its bound operations"
APP-SETUP-BO-136	NO	other	gap	setVenueSettings replaces the whole settings row (PUT) and resets any omitted field. The modal only collects `fnb` and says the other fields belong to other screens, so a save as specified would wipe support hours, quiet hours, biometrics, segregated access, alerting and every other limit. The screen also never says to send back the full object it read, and its preloaded list doesn't even include `fnb`.	operation-tenancy_setVenueSettings.json: "later saves replace it whole ... **An omitted property returns to its default or to null.**"; screen-BO-136.json formSetVenueSettings: "Nothing in the body is required. Optional: `fnb`. Only the F&B group ...; the other venue settings are other screens'"; entryState.preloaded lists supportHours, quietHours, segregatedAccess but not fnb
APP-SETUP-BO-136-REST	guess	other	gap	setVenueSettings replaces the whole settings row and resets any omitted property, but the screen's form collects only `fnb`. Sending just that form would wipe the venue's support hours, quiet hours, biometrics, alerting and limits, and the screen never says to merge with the loaded settings first.	operation-tenancy_setVenueSettings.json: "later saves replace it whole... An omitted property returns to its default or to null." vs screen-BO-136.json overlay formSetVenueSettings: "Nothing in the body is required. Optional: `fnb`. Only the F&B group... the other venue settings are other screens'"; dismiss discards ["fnb"]
APP-SETUP-BO-151	guess	needs-a-person	contradiction	The screen spec says the screen has nothing that can be drawn and needs a person before it is built, yet it also gives a full layout with a data table and actions.	screen-BO-151.json gaps: "The pack gives this screen nothing that can be drawn... The screen has no content region rather than an empty one, and it needs a person before it is built." vs layout.regions contentBody dataTable bound to AccessLocationGroupingView; patternReason: "nothing in the pack chooses a pattern for this screen"
APP-SETUP-BO-155	NO	needs-a-person	gap	The screen spec itself says nothing on it can be drawn and that a person has to define it before it is built, yet the ticket is planned for Sprint 1 with the layout filled in from a fallback.	screen-BO-155.json gaps: "The pack gives this screen nothing that can be drawn... The screen has no content region rather than an empty one, and it needs a person before it is built."; patternReason: "nothing in the pack chooses a pattern for this screen... It falls to the default"; apisNote: "0 of 0 labels bound to a contract property; 0 of 22 pack bullets carried onto the screen"; README: "Sprin
APP-SETUP-BO-155	NO	other	had-to-guess	The table is filled with AdmissionRules rows, but Save sends a VisualAccessRuleBuilderInput that shares no fields with them (ruleId, appliesTo, locationIds, conditions, consequences). Nothing says how a selected profile fills the editor, and no operation reads an existing visual rule back for editing.	screen-BO-155.json apis: listAdmissionRules purpose "The admission profiles whose ruleConditions the builder edits"; AdmissionRules.ruleConditions: "object" (untyped); VisualAccessRuleBuilderInput required ["ruleId","name","decision"]; VisualAccessRuleBuilderView is only returned by the PUT
APP-SETUP-BO-155-REST	NO	needs-a-person	gap	The screen spec says it has no drawable content and must not be built until a person defines it, so the editor region has no fields, layout or bindings.	screen-BO-155.json gaps: "The pack gives this screen nothing that can be drawn... The screen has no content region rather than an empty one, and it needs a person before it is built."; patternReason: "nothing in the pack chooses a pattern for this screen... It falls to the default"; apisNote: "0 of 0 labels bound to a contract property; 0 of 22 pack bullets carried onto the screen"
APP-SETUP-BO-167	guess	other	gap	The row the list returns has no binding id, so the screen cannot get the {bindingId} that releaseCredentialDevice needs for the selected row, and it cannot match the optional bindingId entry param to a row.	operation-access_listDeviceBindingSession.json DeviceBindingSessionSecurityView properties: user, credential, deviceId, deviceReference, appInstallation, os, registrationDate, lastActivation, lastKnownVenue, securityStatus (no id); operation-access_releaseCredentialDevice.json path "/device-bindings/{bindingId}/release", bindingId required; screen-BO-167.json entryState params [{"name":"bindingId"
APP-SETUP-BO-185	NO	other	contradiction	The screen's form is eight separate select fields named after the selectType values, but the contract has one selectType enum, so none of the screen's fields map to the request body.	screen-BO-185.json layout.contentBody: selectField 'Ticket Product', 'Ticket Type', 'Membership', 'Annual Pass', 'Multi-Day Ticket', 'Multi-Attraction Ticket', 'VIP Credential', 'Accreditation'; apisNote: '0 of 0 labels bound to a contract property'; operation-access_setBiometricVerificationProfile.json Input.selectType: single enum [ticketProduct, ticketType, membership, ..., selectedCustomerSegm
APP-SETUP-BO-185	NO	other	gap	The screen has no fields for most of the input the PUT needs: biometricType, faceRequirement and venueId (all required), plus the park, zone, attraction and gate location, name and status. A Save from this layout cannot send a valid body.	Input required: ['profileId','venueId','selectType','biometricType','faceRequirement']; the screen's form fields are only the eight selectFields; status 'Switches the profile on or off' is in the input; purposeNote: 'activated or deactivated by product, credential and access location'
APP-SETUP-BO-201	guess	other	gap	The screen form has no field for `mode`, which is the required upsert key of setGateModePolicy, and no toggle for `createsIncident`, so the form cannot say which policy it is saving or set incident creation.	screen-BO-201.json layout.contentBody binds only whoCanActivate, accessPointGroupId, reasonRequired, emergencyCode, automaticNotification; operation-access_setGateModePolicy.json: "an upsert keyed on `mode` and `accessPointGroupId`", required ["id","venueId","mode","scopePath"]; overlay lists `createsIncident` as optional
APP-SETUP-BO-201-REST	guess	other	gap	The screen has no control for `mode`, even though mode is required and is half of the upsert key, so the user cannot pick freeFlow or dropArm.	setGateModePolicy: "an upsert keyed on `mode` and `accessPointGroupId`", required ["id","venueId","mode","scopePath"]; screen-BO-201 contentBody components bind only whoCanActivate, accessPointGroupId, reasonRequired, emergencyCode, automaticNotification
APP-SETUP-BO-230-REST	guess	other	gap	I can't wire Cancel gate mode change: cancelGateModeChange needs a changeId, but listLiveGateMode never returns the id of the pending change.	operation-access_cancelGateModeChange.json path "/gate-mode-changes/{changeId}/cancel"; LiveGateModeLaneControlView properties are only accessPointId, availableModes, currentMode, targetMode, operator, reason, effectiveTime (no change id); screen-BO-230.json entryState param "changeId" "from": "navigation", "optional": true; AccessGateModeChange x-ticvai-agreed "the pending change listLiveGateMode
APP-SETUP-BO-335-REST	guess	other	had-to-guess	All nine inputs are select fields, but every matching contract property is a free string or string array with no enum or option list, so I would have to invent the options for every dropdown.	screen-BO-335.json: each component is "kind": "selectField" (e.g. "Ticket ownership model", "Validity model", "Media requirements"); operation-access_setVirtualTicketIdentity.json Input schema: "ticketOwnershipModel": {"type": "string"}, "idGenerationPattern": {"type": "string", "description": "Virtual Ticket ID format: prefix, suffix and length"}, "mediaRequirements": {"type": "array", "items": "
APP-SETUP-BO-344	guess	other	contradiction	The row actions sit on access media templates, but Duplicate and Import call orders ticket-template operations, which use a different entity, a different id and a different mediaType enum. A templateId from the access list can't be passed to /ticket-templates/{templateId}/clone, and a cloned or imported TicketTemplate never shows up in the list the screen displays.	listMediaDesign lineage reads ["access.media_template"], row mediaType enum qrTicket…customWearable; cloneTicketTemplate path "/ticket-templates/{templateId}/clone", persistence "orders.ticket_template + orders.ticket_template_channel", mediaType enum thermalTicket, a4Pdf, wristband…; screen actionBar "Duplicate Existing" operation cloneTicketTemplate in slot rowActions
APP-SETUP-BO-344-REST	guess	other	contradiction	The table rows are access.media_template records, but Duplicate and Import write a different resource (orders.ticket_template) with a different mediaType enum. A row's templateId can't be passed to /ticket-templates/{templateId}/clone, and an imported or cloned TicketTemplate won't appear in the list.	operation-access_listMediaDesign.json lineage reads ["access.media_template"], mediaType enum qrTicket…customWearable; operation-orders_cloneTicketTemplate.json path "/ticket-templates/{templateId}/clone", TicketTemplate.mediaType enum thermalTicket, a4Pdf, wristband…; screen actionBar "rowActions": Duplicate Existing → cloneTicketTemplate
APP-SETUP-BO-346	NO	other	contradiction	The screen mixes two unreconciled template models with different services, IDs and output enums, so it's unclear whether templateId is an orders.ticket_template uuid or an access media template, and how outputFormat maps to mediaType.	orders TicketTemplate.mediaType enum [thermalTicket, a4Pdf, wristband, rfidCard, walletPass, qrOnly, sms] with id "string uuid"; access outputFormat enum [pdf, a4, a5, customDimensions, posReceipt, thermalTicket, boxOfficeStock, prePrintedStock] with templateId plain "string" ("Media template being designed")
APP-SETUP-BO-346	NO	other	gap	getPdfPrintablePos takes no parameters and PUT /pdf-printable-pos is a singleton path, yet the design is keyed by templateId, so the screen can't load the saved design for the template it was opened with.	operation-access_getPdfPrintablePos.json "parameters": [] and path "/pdf-printable-pos"; View/Input both require "templateId"; screen entryState params templateId "from": "navigation"
APP-SETUP-BO-696-REST	guess	needs-a-person	gap	The screen spec says nothing can be drawn and that a person must decide its content first. Its layout has no fields for the cloneEvent body (include[], shiftDatesByDays, newName), so I would have to design the whole clone form myself.	screen-BO-696.json gaps: "The pack gives this screen nothing that can be drawn... The screen has no content region rather than an empty one, and it needs a person before it is built." The only layout components are primaryButton, secondaryButton 'Cancel' and detailPanel 'Read an event'. operation-catalogue_cloneEvent.json body has include enum [schedule, pricing, seatMap, capacityProfile, resource
APP-SETUP-BO-716	NO	needs-a-person	had-to-guess	The screen spec itself says nothing in it can be drawn and that a person has to define it before it is built; the layout has only derived Save/Cancel buttons and a detail panel, with no state picker and no reason or effectiveFrom fields.	screen-BO-716.json gaps: "The pack gives this screen nothing that can be drawn... The screen has no content region rather than an empty one, and it needs a person before it is built."; apisNote: "0 of 0 labels bound to a contract property"
APP-SETUP-BO-716	NO	other	gap	The screen exists to show where an event is in its lifecycle, but the Event schema returned by getEvent has no lifecycle-state field, and setEventLifecycleState's 200 has no body, so the screen can never show the current state.	screen-BO-716.json purpose: "See where an event is in its lifecycle and move it to its next state"; operation-catalogue_getEvent.json Event properties: id, code, name, venueId, scopePath, parentEventId, performanceCount, isActive (no state); setEventLifecycleState 200: "Moved" with only X-Consistency-Token header
APP-SETUP-BO-716-REST	NO	needs-a-person	gap	The screen spec says it has nothing that can be drawn and must go to a person before it is built, so there is no content to build.	screen-BO-716.json gaps: "The pack gives this screen nothing that can be drawn... The screen has no content region rather than an empty one, and it needs a person before it is built." and "its shape is a default rather than a reading. It needs a person before it is built."
APP-SETUP-BO-716-REST	NO	other	gap	The layout has a 'Save event lifecycle state' button but no control for choosing the target state, reason or effectiveFrom, and the request body requires `state`.	screen-BO-716.json layout.contentBody holds only primaryButton 'Save event lifecycle state', secondaryButton 'Cancel' and detailPanel 'Read an event'. operation-catalogue_setEventLifecycleState.json body: required ["state"], enum draft…archived, reason, effectiveFrom
APP-SETUP-BO-755	guess	other	gap	The criteria and rule-group editor cannot be built because the field shapes of SegmentCriterion and SegmentRuleGroup are not in any linked file, and the screen says it has no content that can be drawn.	operation-marketing-crm_createSegment.json CreateSegmentRequest "refs": ["SegmentCriterion", "SegmentRuleGroup"] (no schema bodies given); screen-BO-755.json gaps: "The pack gives this screen nothing that can be drawn... it needs a person before it is built" and patternReason "nothing in the pack chooses a pattern for this screen"
APP-SETUP-BO-772	NO	needs-a-person	gap	The screen spec itself says there is nothing to draw and that a person must define it before it is built; the layout is a default made up from the operations.	screen-BO-772.json gaps: "The pack gives this screen nothing that can be drawn... The screen has no content region rather than an empty one, and it needs a person before it is built."; patternReason: "nothing in the pack chooses a pattern for this screen"
APP-SETUP-BO-772	NO	other	contradiction	The screen's purpose and the updateCampaign binding promise A/B setup and a manual winner pick, but updateCampaign's body has no abTest, variants, split, sample size, success metric or winner fields.	screen apis updateCampaign purpose: "Set up A/B variants and the test, and pick a winner by hand (winnerRule manual)"; purpose: "Define audience split, sample size, duration, success metric, statistical confidence and winner rule"; operation-marketing-crm_updateCampaign.json body properties only: name, isPaused, scheduledFor, content (CampaignContent: templateId, subjectOverride, mergeDefaults, pr
APP-SETUP-BO-772-REST	NO	needs-a-person	gap	The screen spec itself says nothing in it can be drawn and that a person must define it before it is built, so the content region would be guesswork.	screen-BO-772.json gaps: "The pack gives this screen nothing that can be drawn... The screen has no content region rather than an empty one, and it needs a person before it is built." and "its shape is a default rather than a reading. It needs a person before it is built."
APP-SETUP-BO-772-REST	NO	other	contradiction	The screen binds updateCampaign to set up A/B variants and pick a winner, but its request body has no abTest, variants or winningVariantId field, so neither can be sent.	screen-BO-772.json apis: updateCampaign purpose "Set up A/B variants and the test, and pick a winner by hand (winnerRule manual)"; operation-marketing-crm_updateCampaign.json description "a person sets `abTest.winningVariantId`", but body properties are only name, isPaused, scheduledFor, content (CampaignContent: templateId, subjectOverride, mergeDefaults, promotionId)
APP-SETUP-BO-785	NO	needs-a-person	gap	The screen spec says there is nothing to draw and that it needs a person before it is built, so no columns, form fields or detail pane are defined.	screen-BO-785.json gaps: "The pack gives this screen nothing that can be drawn... no directory of metrics, columns or fields anywhere in them. The screen has no content region rather than an empty one, and it needs a person before it is built."; patternReason: "nothing in the pack chooses a pattern for this screen"
APP-SETUP-BO-785-REST	NO	needs-a-person	gap	The screen spec itself says it has no columns, fields or content to draw and needs a person before it is built. There is nothing that defines the table columns, the create form or the detail pane.	screen-BO-785.json gaps: "The pack gives this screen nothing that can be drawn... The screen has no content region rather than an empty one, and it needs a person before it is built."; apisNote "0 of 0 labels bound to a contract property; 0 of 8 pack bullets carried onto the screen"
APP-SETUP-BO-798	NO	needs-a-person	gap	The screen spec says the source pack gives nothing that can be drawn and that a person must decide before it is built, so the content region has no defined fields.	screen-BO-798.json gaps: "The pack gives this screen nothing that can be drawn... The screen has no content region rather than an empty one, and it needs a person before it is built." and "its shape is a default rather than a reading. It needs a person before it is built."
APP-SETUP-BO-798-REST	NO	needs-a-person	gap	The screen spec says no content region can be drawn and that it needs a person before it is built, so the layout is a fallback, not a design.	screen-BO-798.json gaps: "The pack gives this screen nothing that can be drawn... The screen has no content region rather than an empty one, and it needs a person before it is built."; patternReason: "nothing in the pack chooses a pattern for this screen"
APP-SETUP-BO-798-REST	NO	other	contradiction	The screen's purpose and acceptance describe intents, phrases, entities, synonyms, a test console and a low-confidence review queue, but none of the bound operations supports any of that. The bound operations only cover copilot configuration, collections, document ingest and knowledge gaps.	screen-BO-798.json purpose: "Maintain intents, example phrases, entities, synonyms, redirects, confidence and response variants... Provide test console, expected result, source citation, ambiguity handling and low-confidence review queue" vs apis: setCustomerServiceCopilot, listKnowledgeGaps, listKnowledgeCollections, ingestKnowledgeDocument, getCustomerServiceCopilot
APP-SETUP-BO-799	NO	needs-a-person	gap	The screen spec says it has nothing drawable and needs a person before it is built, but its purpose asks for a full workspace (transcript, guest context, AI suggestion, canned responses, notes, transfer and more).	screen-BO-799.json gaps[0]: "The pack gives this screen nothing that can be drawn... The screen has no content region rather than an empty one, and it needs a person before it is built." gaps[1]: "its shape is a default rather than a reading. It needs a person before it is built." patternReason: "nothing in the pack chooses a pattern for this screen"
APP-SETUP-BO-799	NO	no-bound-read	gap	No read operation is bound, so the screen cannot load the conversation, its transcript or the queue it opens on. The Done-when rule that it 'calls only its bound operations' then makes a display impossible.	screen-BO-799.json apis: only sendConversationMessage, setCallDisposition, startKioskAssist, claimConversation (all trigger onAction); entryState.params conversationId from navigation; states.loading: "The agent list."; README Done when: "it calls only its bound operations"
APP-SETUP-BO-799-REST	NO	needs-a-person	gap	The screen spec itself says nothing in it can be drawn and a person has to define it before it is built, so the content region is undefined.	screen-BO-799.json gaps: "The pack gives this screen nothing that can be drawn... The screen has no content region rather than an empty one, and it needs a person before it is built." and "its shape is a default rather than a reading. It needs a person before it is built."
APP-SETUP-BO-799-REST	NO	no-bound-read	gap	No read operation is bound, so the screen cannot load the conversation, transcript or guest context. The purpose requires all three, and the acceptance forbids calling anything that isn't bound.	screen-BO-799.json entryState param conversationId "from navigation"; apis are all "trigger": "onAction" writes; purpose: "Provide active conversation, transcript, guest context..."; README Done when: "it calls only its bound operations"
APP-SETUP-BO-826	NO	needs-a-person	gap	The screen spec says there's nothing to draw and that a person must define it before it's built, so the detail/edit form behind 'Save badge' has no fields.	screen-BO-826.json gaps[0]: "The pack gives this screen nothing that can be drawn... no directory of metrics, columns or fields... it needs a person before it is built."; gaps[1]: "its shape is a default rather than a reading. It needs a person before it is built."; apisNote: "0 of 0 labels bound to a contract property"; layout has only a dataTable plus Save/Cancel buttons, with no form region, ev
APP-SETUP-BO-827	NO	other	contradiction	The screen's purpose and its setLoyaltyRules entry describe configuring earning rules, but the LoyaltyRuleSet these operations read and write leaves earning rules out, so none of the bound operations can save base points, multiplier, limits, rounding or the fraud checks.	screen-BO-827.json purpose: "Set base points, multiplier, daily/monthly limit, validity, rounding and posting timing. Apply device, account, velocity, location and transaction fraud checks"; apis setLoyaltyRules purpose: "Replace a programme's earning rules as one set" vs LoyaltyRuleSet: "Earning rules are not repeated here — they are `LoyaltyProgramme.earnRules[]` and reached through the programm
APP-SETUP-BO-827	NO	other	gap	The screen spec itself says nothing on this screen can be drawn yet and that a person has to design it before it is built, so the rules editor's fields, layout and pattern would all be guesses.	screen-BO-827.json gaps: "The pack gives this screen nothing that can be drawn... The screen has no content region rather than an empty one, and it needs a person before it is built."; patternReason: "nothing in the pack chooses a pattern for this screen... It falls to the default"
APP-SETUP-BO-828	NO	needs-a-person	gap	The screen spec says it cannot be built yet: the pack has no fields, columns or metrics for it, and a person has to define it first.	screen-BO-828.json gaps[0]: "The pack gives this screen nothing that can be drawn... The screen has no content region rather than an empty one, and it needs a person before it is built."; gaps[1]: "its shape is a default rather than a reading. It needs a person before it is built." patternReason: "nothing in the pack chooses a pattern for this screen"
APP-SETUP-BO-828	NO	other	contradiction	The 'Save milestones and rewards' button is bound to createLoyaltyProgramme, which creates a new programme. The button's own note says milestones are set on an existing programme and that creating programmes happens elsewhere. No update operation exists, so saving would create a new programme or fail with 409 duplicate-code.	screen-BO-828.json actionBar primaryButton: operation "createLoyaltyProgramme", notes "Milestones and rewards are set on an existing programme; programme creation is elsewhere (the loyalty set-up)."; operation-marketing-crm_createLoyaltyProgramme.json: method POST /loyalty/programmes, 201 Created, 409 duplicate-code
APP-SETUP-BO-828-REST	NO	other	contradiction	The "Save milestones and rewards" button is wired to a create-programme operation, but its own note says milestones are set on a programme that already exists and that programme creation happens elsewhere. No update or set operation for tiers and earn rules is linked.	screen-BO-828.json actionBar primaryButton operation "createLoyaltyProgramme", notes: "Milestones and rewards are set on an existing programme; programme creation is elsewhere (the loyalty set-up)." The operation is POST /loyalty/programmes, "Create a loyalty programme", 201 Created.
APP-SETUP-BO-828-REST	NO	other	gap	The screen's own spec says it cannot be built without a person: the pack has no fields, columns or metrics for it.	screen-BO-828.json gaps[0]: "The pack gives this screen nothing that can be drawn... it needs a person before it is built." gaps[1]: "its shape is a default rather than a reading. It needs a person before it is built." patternReason: "nothing in the pack chooses a pattern for this screen".
APP-SETUP-BO-857-REST	NO	other	gap	Nine Operational Configuration fields have no bindsTo, and nothing in the Resource schema matches them. They cannot be saved through createResource/updateResource.	screen-BO-857.json: Capacity, Unit of measure, Customer selectable, Priority, Availability mode, Scheduling mode, Default/Minimum/Maximum booking duration have only 'provenance: pack ... page 8'; apisNote: "0 of 0 labels bound to a contract property"; Resource properties contain none of these
APP-SETUP-BO-857-REST	NO	other	gap	createResource requires code, name, kind and venueId, but the screen has no input for any of them. Other Resource fields have no input either: parent, principal, setup/teardown, deposit, requiresQualification.	Resource schema "required": ["id","code","name","kind","venueId"]; screen-BO-857.json layout components are only Lifecycle panel, Capacity, Unit of measure, Customer selectable, Priority, Availability mode, Scheduling mode, durations, cleaning fields, Day preview
APP-SETUP-BO-866	guess	no-bound-read	gap	updateResource is a full PUT of Resource, which requires id, code, name, kind and venueId, but the screen has no bound operation that reads the Resource. The cleaning-policy fields cannot be pre-filled, and saving them would mean sending a full resource the screen never fetched.	updateResource: "method": "PUT", body schema Resource "required": ["id","code","name","kind","venueId"]; screen fields bindsTo "Resource.cleaningPolicy.*" with operation updateResource; apis[] has no getResource
APP-SETUP-BO-877	guess	other	gap	Both requirement operations need an experienceId path param, but the screen makes it optional and binds no operation that lists experiences, so a cold entry has nothing to pick from and nothing to load or save.	screen-BO-877.json entryState: experienceId "optional": true, "the screen loads without it; setExperienceResourceRequirements takes the id from the record the user acts on"; coldEntry: "it shows the list to pick from rather than an empty record". The only list bound is listResources (resources, not experiences). Both get/setExperienceResourceRequirements have path "/experiences/{experienceId}/reso
APP-SETUP-BO-877-REST	NO	no-bound-read	gap	No operation on the screen lists experiences, yet getExperienceResourceRequirements and setExperienceResourceRequirements both need experienceId. experienceId is optional, and a cold entry is supposed to 'show the list to pick from', which no bound operation can supply.	screen-BO-877.json entryState: experienceId "optional"... "the screen loads without it; setExperienceResourceRequirements takes the id from the record the user acts on"; coldEntry: "Opened cold ... it shows the list to pick from"; the only list operation is listResources (GET /resources), which returns Resource, not experiences
APP-SETUP-BO-919-REST	guess	other	gap	The screen is per event, but no operation takes an event, entryState is empty, and nothing says which getForecast definitionKey (required) the screen should pass. I would have to guess how the screen picks the event and the forecast definition.	screen-BO-919.json purpose: "Predict the resources required for an event"; emptyFirstRun: "No published forecast for this event yet"; "entryState": {}; operation-ai_getForecast.json: definitionKey "required": true; listOperationalRequirements has no event parameter
APP-SETUP-CMS-026	guess	other	gap	The save is keyed on brandId + channel and channel is required, but the screen has no Channel or Brand selector and no way to pick which listed design to edit.	setCookieBannerDesign: "An upsert keyed on `brandId` + `channel`"; schema "required": ["channel", ...]; screen-CMS-026.json layout has only Logo, Title, Description, Buttons, Position, Theme, Branding, Language, Links, Category descriptions. The list op returns a Page of designs "one per brand and channel", but the screen is a single-record "pattern": "configEditor"
APP-SETUP-CMS-026-REST	guess	other	gap	The save is an upsert keyed on brandId + channel, and channel is required, but the screen has no channel field, no brand field bound to brandId, and no way to choose which design from the paged list to edit.	setCookieBannerDesign: "An upsert keyed on `brandId` + `channel`"; schema required: ["channel","position","languages","rejectIsOneClick","categories"]; list is "one per brand and channel ... keyset cursor"; screen fields have no channel component and "Branding" selectField has no bindsTo
APP-SETUP-DEV-002-REST	guess	no-bound-read	gap	No bound operation returns the organisation's members. The members table and the 'and its members' read have no data source.	screen-DEV-002.json apis getDeveloperAccount purpose "Show the registered organisation and its members"; dataTable "bindsTo": "members"; DeveloperAccount schema has no members property; setDeveloperMembers 200 schema is an untyped array "additionalProperties": true
APP-SETUP-DEV-008	guess	no-bound-read	gap	certifyIntegration needs a listingId, but no bound operation lists integration listings, so the 'Certification queue' section and the 'Pending certifications first' loading state have no data, and the user has no way to pick what to certify.	certifyIntegration path '/listings/{listingId}/certify'; screen entryState listingId 'from: deepLink' (not optional); sideNav 'Quotas · Certification queue · ...'; states.loading 'Pending certifications first.'; apis has no listIntegrationListings
APP-SETUP-EMP-066	guess	other	gap	The screen's main content is a card for each pre-filled count line, but none of the bound operations returns the lines. StockCount carries only counts of lines, and getCountVariance has been removed, so the card list cannot be filled and the counter has no way to pick an itemId.	screen-EMP-066.json cardList: "The lines arrive pre-filled from on-hand stock — one card per item at the location, with a blank count"; StockCount schema has only "lineCount", "countedCount" (no lines array); gaps: getCountVariance "removed": true; README Done when: "it calls only its bound operations"
APP-SETUP-EMP-067	guess	no-bound-read	gap	signCorrectiveAction needs an actionId, but the only source is an optional deep link, and no bound operation lists corrective actions (getHaccpStatus returns only counts), so a user who opens the screen from EMP-003 has no way to pick an action to sign.	screen entryState: {"name":"actionId","from":"deepLink","optional":true}; getHaccpStatus 200 schema only has checksDue/checksMissed/openActions/unsignedActions (integers); signCorrectiveAction path "/food-safety/corrective-actions/{actionId}/sign"
APP-SIGNUP-SGN-002	NO	needs-a-person	gap	The screen does not define the registration form it exists for. Its only inputs are the email and the code. There are no fields for the OnboardingApplication properties that Submit has to send (companyName, contactEmail, countryCode, requestedPlanId, venueTypeTemplateId, billingEntity), and the spec itself says a person must decide the screen first.	screen-SGN-002.json layout.components lists only 'Work email', 'Send code', 'One-time code', 'Verify code', a derived 'Submit' and 'Cancel'. gaps: "The pack gives this screen nothing that can be drawn... The screen has no content region rather than an empty one, and it needs a person before it is built." apisNote: "0 of 0 labels bound to a contract property"
APP-STAFF-EMP-001	guess	other	contradiction	The files disagree on whether the EMP-001 handheld sends a workstationId. The screen's default method is pin, which is refused without one.	operation-identity_login.json description: "A device door sends it (the till POS-000, the staff handheld EMP-001, the scanner SCN-001)" and screen PIN field: "`method: pin` on the handheld (bounded by the device's `workstationId`, which the device sends)". But Session.saleBoardId in getCurrentSession, selectRole and verifyMfaChallenge says: "A browser door (ADM-001, SUP-001, PTR-001) and a staff h
APP-STAFF-EMP-002	NO	other	gap	Nothing bound to this screen supplies the roles to choose from. The spec says they come from the login response (availableRoles), but login isn't a touched operation, Session has no availableRoles field, and the collection region is empty.	screen-EMP-002.json gaps: "the roles to choose from come from the login response (availableRoles) and selectRole takes the choice"; layout contentBody: "slot": "collection", "components": []; Session schema properties have no availableRoles; ticket.json touches only EMP-002, selectRole, getCurrentSession; the 'Done when' line says it "calls only its bound operations"
APP-STAFF-EMP-002	NO	other	gap	The screen is called 'Select venue & role', but nothing here lets the user pick a venue: selectRole accepts only roleId, and neither operation lists venues.	screen name "Select venue & role"; operation-identity_selectRole.json body: "required": ["roleId"], "properties": { "roleId": "string uuid" }; overlay formSelectRole: "Required: `roleId`"
APP-STAFF-EMP-059	guess	other	contradiction	For table service, the screen's separate 'Create payment' needs an orders.sales_order id, but no sales order exists until closeTableVisit runs. It is also unclear whether payment is taken through createPayment or through closeTableVisit.payments.	orders_createPayment.json: CreatePaymentRequest requires `orderId` (Take a payment against an order). fnb_closeTableVisit.json: "Converts the visit into one or more sales orders and posts to the ledger" and takes body `payments[{subBillId, tender, amount}]`. fnb_transferOrderItems.json: "the sales order and its lines are written at settlement, as for any F&B bill". screen-EMP-059.json binds both a
APP-WEB-WEB-002	guess	other	gap	The date filter cannot work from the bound operations: listPerformances needs one eventId per call, and Product (what the listing shows) has no eventId, so there is no way to tell which products have a performance on the chosen day.	screen-WEB-002.json datePicker: "Picks a day; the listing keeps the events with a performance that day (`listPerformances`)"; operation-catalogue_listPerformances.json path "/events/{eventId}/performances" (eventId required); the Product schema in operation-catalogue_listProducts.json has no eventId property, and listProducts has no date parameter.
APP-WEB-WEB-004	guess	other	gap	The screen needs both productId and eventId, but each entry path supplies only one of them, and Product has no eventId (and Performance has no productId), so there is no stated way to get the other id.	screen-WEB-004.json entryState.params: eventId from WEB-002, productId from WEB-001; getProduct/getProductEligibilityRule need path productId, listPerformances needs path eventId; Product schema properties contain no eventId
APP-WEB-WEB-007	guess	other	contradiction	The screen says its booking-flow settings (seatTimeBar, seatViewPosition, seatPicker and others) come from getTenantConfig. getTenantConfig is not a bound operation, and the Done-when says the screen calls only its bound operations.	screen-WEB-007.json notes: "Every booking-flow setting named here is read from `getTenantConfig` `bookingFlow`" / "venue-wide settings stay on `getTenantConfig` `bookingFlow`"; the time bar is "Shown only when `BookingFlowConfig.seatTimeBar` is on"; apis[] has no getTenantConfig; README Done when: "it calls only its bound operations"
APP-WEB-WEB-011	NO	no-bound-read	gap	The screen's purpose is to collect attendee or holder details, but no bound operation writes them; getCart is read-only, so the holder data typed on this step cannot be saved anywhere.	screen-WEB-011.json purpose: "Collect who is coming and how to reach them."; detailPanel "Ticket holder details" bindsTo Cart.lines, operation: "getCart"; operation-orders_getCart.json lineage writes: []
APP-WEB-WEB-011	NO	other	gap	The request body for recordConsentAnswers does not define the answer items, so I would have to guess the payload (questionId, questionVersion, answer, cartLineId, personIndex).	operation-marketing-crm_recordConsentAnswers.json RecordConsentAnswersRequest.answers: {"type":"array","items":"object"}; the description names `cartLineId` and `personIndex` but the request schema does not define them
APP-WEB-WEB-012	NO	other	gap	The screen creates the order but has no source for the cart lines: createOrder requires lines, venueId, channel and recordedAt, yet no cart or checkout operation is bound, and the entry state holds only orderId, paymentId and venueId.	screen-WEB-012.json purpose "Take payment and create the order"; entryState params orderId (deepLink), paymentId (navigation), venueId (session); CreateOrderRequest required [id, venueId, channel, lines, recordedAt]; apis lists no cart read. The WEB-011 edge "carries nothing".
APP-WEB-WEB-013	guess	other	contradiction	The "Set a password" button and its modal collect a password, but the operation they are bound to, linkGuestCheckout, has no password field and assumes the caller has already registered and holds a verified identifier.	screen-WEB-013.json formLinkGuestCheckout: "A password for the account; the order and the verified contact come from the checkout just made." vs operation-identity_linkGuestCheckout.json body only {orderReference (required), verificationCode}; description: "A guest who bought without an account, then registered... attached only when its contact detail matches the caller's verified identifier"
APP-WEB-WEB-017	guess	other	gap	The Loyalty tile can't call getLoyaltyPosition, because that call needs a programmeId and no operation bound to the screen supplies one (listLoyaltyProgrammes isn't bound), and the acceptance says the screen calls only its bound operations.	operation-marketing-crm_getLoyaltyPosition.json: parameter programmeId "required": true, "a guest may hold one in several (`listLoyaltyProgrammes`)"; screen-WEB-017.json entryState.params has only subjectId and token; README Done when: "it calls only its bound operations"
APP-WEB-WEB-024	guess	other	gap	The screen cannot get the enrolmentId that both Face Pass operations need: the id is only reachable through an Entitlement or enrolFacePass, and neither is bound to this ticket, while the acceptance says the screen 'calls only its bound operations'.	operation-access_getFacePassEnrolment.json: "A screen opening on a guest's pass has the entitlement, not the enrolment: `Entitlement.facePassEnrolmentId` carries the id ... The id is also returned by `enrolFacePass`." Path /face-pass/enrolments/{enrolmentId}; revokeFacePass uses the same path. README 'What this touches' lists no entitlement or enrolFacePass operation; Done when: "it calls only its
APP-WEB-WEB-034	guess	permission	contradiction	recordLostItem requires the staff permission CASE_MANAGE at venue scope but is also marked guest-callable, and the screen says a guest holds no permission, so I can't tell whether a guest call succeeds or gets a 403, or which user counts as allowed or refused for the 'permissions' acceptance check.	operation-marketing-crm_recordLostItem.json: "permission": "CASE_MANAGE", "scopeLevel": "venue", "guestCallable": true, lineage "audience": ["staff"]; screen-WEB-034.json emptyNoAccess: "There is no permission to name — a guest holds none"
APP-WEB-WEB-039	guess	other	gap	mapId only ever comes from a deep link, but the screen is also opened from WEB-001, and none of its bound operations can turn a venueId into a mapId, so a normal visit has no map to load.	screen-WEB-039.json entryState.params: {"name":"mapId","from":"deepLink"}; navigation.entryFrom ["WEB-001"]; getVenueMap / getVenueMapGraph path /venue-maps/{mapId}; apis lists only getVenueMap, getVenueMapGraph, getWaitTimes, listQueues; README Done when: "it calls only its bound operations"
APP-WEB-WEB-041	guess	other	gap	addCartLine requires the car park's parking product variantId, but neither ParkingFacility nor any bound operation returns one, so the screen has no way to find the variantId to send.	screen-WEB-041.json overlay formAddCartLine: "Required: `variantId` (the car park's parking product), `quantity`"; operation-access_listParkingFacilities.json ParkingFacility properties: id, name, venueId, mode, capacity, takesPayment, vendor*, accessPointIds, isActive. No product or variant id.
APP-WL-ADM-016	guess	other	gap	Saving brand identity and app icons requires asset ids from the media library's upload flow, but no upload or asset operation is bound to this ticket, and the acceptance says the screen may call only its bound operations.	operation-white-label_getBrandIdentity.json, BrandIdentity: "Every `*AssetRef` here is a `MediaAsset` id from the `assets` library (`createUpload` then `completeUpload`), PNG or SVG and at most 2 MB"; AppIcons.sourceAssetRef: "The `MediaAsset` id of the 1024×1024 source"; README Done when: "it calls only its bound operations". Neither createUpload nor completeUpload is among the 17 linked operatio
APP-WL-ADM-424	NO	needs-a-person	gap	The screen spec itself says nothing in it can be drawn and that a person must define it before it is built, so the content of the dependency-validation UI is undefined.	screen-ADM-424.json gaps[0]: "The pack gives this screen nothing that can be drawn... The screen has no content region rather than an empty one, and it needs a person before it is built."; gaps[1]: "its shape is a default rather than a reading. It needs a person before it is built."; apisNote: "0 of 0 labels bound to a contract property; 0 of 10 pack bullets carried onto the screen"
APP-WL-ADM-424	NO	other	contradiction	The catalogue's module identifiers, the licence list and the enablement keys use three different vocabularies, and nothing maps one to another, so dependencies cannot be checked against what setModuleEnablement switches.	operation-subscription_listModuleCatalogue.json ModuleListing.moduleCode: "string", requiresModules items "string", and the description cites "F&B needs inventory; seating needs the venue map; redemption needs wallet"; operation-subscription_getTenantLicences.json licensedModules: {"type":"array","items":"object"} (untyped); operation-white-label_setModuleEnablement.json ModuleKey enum: ticketsAnd
APP-WL-CMS-004	guess	other	gap	Every input is a MediaAsset uuid that comes from assets createUpload/completeUpload or the CMS-010 media library, but the screen binds no upload or media-list operation and the done-when allows only bound operations, so a user has no way to choose or upload a logo, icon source, splash or video.	setAppIcons body sourceAssetRef: "from `assets` `createUpload` then `completeUpload`"; BrandIdentity.introVideoAssetRef: "A video `MediaAsset` from the media library (CMS-010)"; README done-when: "it calls only its bound operations"; screen apis list only the 4 white-label operations, and navigation has no CMS-010 exit
APP-WL-CMS-007	guess	no-bound-read	gap	The screen can create and publish content blocks, but no bound operation lists, reads, updates, reorders or deletes them, so the builder cannot load or edit a page's existing blocks.	README 'What this touches' lists only white-label#createContentBlock and #publishContentBlock for blocks. ContentBlock has `pageId` and `position`, and its description says "The page builder is a frontend over this". Done-when: "it calls only its bound operations".
APP-WL-CMS-011	NO	other	contradiction	getTranslationProposals needs a translationJobId that only a proposeTranslations job produces, but proposeTranslations was removed from this screen and the Done-when rule allows only bound operations, so the screen has no source for the id.	screen-CMS-011.json gaps: "proposeTranslations ... removed: true ... Removed 2 October 2026 (CHG-WIR-015) ... the machine-translation step stays on BO-785 and BO-793"; entryState.params translationJobId: "from": "CMS-011" "The translation job this screen started"; operation-ai_getTranslationProposals.json path "/ai/translate/{translationJobId}" (required); README Done when: "it calls only its boun
ARCH-TESTS	guess	other	missing-link	Nothing is linked to the ticket, and neither ADR it builds (ADR-0055, ADR-0028) is in the pull, so the list of 17 modules and their assembly and namespace names are not given anywhere.	README.md: "## What this touches (0) Nothing is linked to this ticket yet"; ticket.json "touches": []; description: "Builds: `adr ADR-0055`, `adr ADR-0028`" and "from six modules to 17 (ADR-0055)"
VM-BO-024	NO	other	contradiction	The screen layout still has eight text fields bound to CreatePaymentRequest from POST /payments, but createPayment was removed from this screen and is not one of the ticket's 7 linked items, so building the layout as written would break 'calls only its bound operations'.	screen-BO-024.json layout.regions[contentBody]: textField 'id' bindsTo 'CreatePaymentRequest.id' … 'recordedAt' (provenance 'contract orders.yaml POST /payments'); gaps: createPayment 'removed: true … Removed 2 October 2026 (CHG-WIR-025)'
VM-BO-024	NO	other	wrong-link	Settle deposit gets its row from listDeposits, which returns orders.deposit (the card-authorisation record), but settleDeposit's depositId is a ledger.deposit (finance Deposit), so the screen has nothing to read the right id from.	operation-orders_listDeposits.json description: '`ledger.deposit` holds the liability posting and its `refundableUntil`. Two tables called deposit, two different questions.' x-ticvai-persistence 'orders.deposit'; operation-finance_settleDeposit.json produces Deposit x-ticvai-persistence 'ledger.deposit', path '/deposits/{depositId}/settle'; screen apis listDeposits purpose 'Deposits and their auth
VM-BO-085	guess	other	gap	The screen must load exactly one request by `requestId` through listApprovalRequests, but that operation has no parameter that filters by request id, so the single request can't be fetched as specified.	screen-BO-085.json detailPanel notes: "Read with `listApprovalRequests` filtered to the one `requestId` (no single-request read exists)." operation-approvals_listApprovalRequests.json parameters: only assignedToMe, raisedByMe, status, kind, breachingWithinMinutes, sort, pageSize, cursor. There is no requestId or id filter.
VM-BO-097	guess	other	wrong-link	The screen loads the booking through rental#getRentalBooking (rental.booking, /rental-bookings/{bookingId}), but its writes act on a resources.booking (/resource-bookings/{bookingId}). These are two different entities, and no operation reads a ResourceBooking. One bookingId cannot serve both, and the screen cannot show the resource booking's status, conditionOut or depositAuthorisationId.	screen-BO-097.json detailPanel: "bindsTo": "RentalBooking", "operation": "getRentalBooking", provenance "wiring fix, 2 October 2026"; operation-resources_checkOutResource.json path "/resource-bookings/{bookingId}/check-out", schema ResourceBooking (x-ticvai-persistence resources.booking) vs operation-rental_getRentalBooking.json x-ticvai-persistence "rental.booking"; screen states.loading "The boo
VM-BO-1063	NO	needs-a-person	gap	The screen spec says outright that it has no content that can be drawn and needs a person to decide it before anyone builds it, so the content area would be a guess.	screen-BO-1063.json gaps: "The pack gives this screen nothing that can be drawn... The screen has no content region rather than an empty one, and it needs a person before it is built." Also: "its shape is a default rather than a reading. It needs a person before it is built." apisNote: "0 of 0 labels bound to a contract property; 0 of 9 pack bullets carried onto the screen"
VM-BO-1063	NO	other	contradiction	The screen's purpose lists things to configure that neither bound operation carries. The acceptance criterion also says the screen may call only those operations, so the purpose cannot be met.	screen-BO-1063.json purpose: "Configure default map, lock/hold duration, naming, accessibility, sales channels, approvals and publishing policy. Map local entrances, devices, price/seat categories, operating calendars... Display which settings inherit from platform/tenant/brand and require justification for permitted overrides." Compare operation-tenancy_getVenueSettings.json: "It carries no modul
VM-BO-1069	NO	needs-a-person	gap	The screen has no defined content: the only region is empty, the pattern is a fallback default, and the spec itself says a person must decide the content before it is built.	screen-BO-1069.json: layout.regions [{"name":"contentBody","components":[]}]; gaps: "The pack gives this screen nothing that can be drawn... it needs a person before it is built."; patternReason: "nothing in the pack chooses a pattern for this screen"; apisNote: "0 of 8 pack bullets carried onto the screen"
VM-BO-1069	NO	no-bound-read	gap	The screen has no bound operation to read any data: its only read was removed, and the replacement is still an open contract gap.	screen-BO-1069.json: "apis": []; gaps: getWorkstationHealth "removed": true (CHG-WIR-021); "Contract gap recorded 2 October 2026 (CHG-WIR-024): No tenant-facing operation reports platform service status (API, events, locks, cache, database, queue, webhooks)."
VM-BO-1072	NO	needs-a-person	gap	The screen spec itself says nothing on the screen can be drawn and that it needs a person before it is built. The layout has a single empty region and no columns, fields or metrics.	screen-BO-1072.json gaps: "The pack gives this screen nothing that can be drawn... it needs a person before it is built."; layout.regions: [{"name": "contentBody", "components": []}]; apisNote: "0 of 8 pack bullets carried onto the screen"
VM-BO-1072	NO	no-bound-read	gap	The screen has no bound operation, so it has no data source for the catalogue list. The only read it had was removed, and the replacement exists only as an open contract gap.	screen-BO-1072.json: "apis": []; gaps: listSeatMaps "removed": true (CHG-WIR-025) "the published API definitions have no staff read (recorded as a contract gap)"; CHG-WIR-027 "listApiVersions declares only the public and partner audiences."
VM-BO-130	guess	other	gap	getOfflinePolicy requires a scopePath query parameter, but the screen's entry state only gives venueId from the session and never says how to turn it into a scopePath. The save form also makes the user type scopePath by hand.	operation-tenancy_getOfflinePolicy.json: parameters scopePath "required": true, pattern ^[a-z0-9_]+(\.[a-z0-9_]+)*$; screen-BO-130.json entryState.params: venueId (session), rejectionId (navigation) only; overlay formSetOfflinePolicy: "Required: `scopePath`"
VM-BO-293	NO	no-bound-read	gap	The screen must load and show saved state, but no read operation is bound. The only membership operation is a PUT, so the screen cannot show validation checks, impact or approval stage before the user makes a decision.	screen-BO-293.json states.loading: "The membership product validation configuration as saved."; states.error: "Names which read failed"; apis lists only approveMembershipProductValidation (PUT /membership-product-validation, trigger onAction) plus the two MFA operations
VM-BO-293	NO	other	contradiction	The screen's controls do not match the operation input. It has eight select fields for publication targets that the input cannot carry, and one 'Approve' button. It has no controls for action (9 values), effectiveFrom, migrationPolicy or reason, which the input needs (reason is mandatory for a reject or suspend).	screen layout: selectFields "B2C", "POS", "Mobile App", "Call Center", "B2B", "Access Control", "Ticketing", "Other dependent services" and a single primaryButton "Approve"; Input schema: "the input now carries only the decision (product, version, action, effective date, migration policy, reason)", action enum [validate, submitForReview, approveCommercial, approveOperational, reject, schedule, pub
VM-BO-293	NO	other	gap	Nothing tells the screen which product and version it is working on. entryState has only challengeId, and the navigation from BO-284 carries no membershipCode or version, yet the input requires both.	screen-BO-293.json entryState.params: only "challengeId"; navigation.transitions carries ["challengeId"]; operation input properties "membershipCode", "version" ("Configuration version the decision applies to")
VM-BO-674	NO	no-bound-read	gap	The screen has no bound operation, so none of its five dashboard elements has a data source and the dashboard cannot show anything real.	screen-BO-674.json: "apis": []; gaps: "setAccreditationNotificationRules" "removed": true (CHG-WIR-001) and "Contract gap recorded 2 October 2026 (CHG-WIR-004): No read of accreditation notification sends and delivery outcomes"; apisNote: "0 of 5 labels bound to a contract property"
VM-BO-822	NO	needs-a-person	gap	The content region is empty and the pack gives nothing that can be drawn; the spec itself says a person must define it before it is built.	screen-BO-822.json: layout.regions "contentBody", "components": []; gaps: "The pack gives this screen nothing that can be drawn... it needs a person before it is built."; apisNote: "0 of 0 labels bound to a contract property; 0 of 9 pack bullets carried onto the screen"
VM-BO-822	NO	no-bound-read	gap	The screen's purpose is to create and store service-recovery rules, cases, approvals and follow-ups, but it has no bound operations, and the spec itself records that no operation stores these rules.	screen-BO-822.json: "apis": []; gaps: "Contract gap recorded 2 October 2026 (CHG-WIR-007): No operation stores service-recovery automation rules." and setRefundCompensationService "removed": true (CHG-WIR-005)
VM-CATALOGUE-PRODUCT-1	guess	other	gap	There is no full state machine: the description gives only a linear path, while the enum also has `reject` and `restore`, and ProductLifecycleState's values are never given. So the from/to state of reject and restore, and which transitions are valid from which state (the 409 cases), are guesswork.	operation-catalogue_transitionProductLifecycle.json description: "Draft → review → approved → live → withdrawn → archived." vs body enum ["submitForReview","approve","reject","publish","withdraw","archive","restore"]; Product.lifecycleState: "ProductLifecycleState" (ref only, no values)
VM-VENUEOPS-VENUEMAP-1	guess	other	gap	setPathClosure writes cache:resolution, but the package says the key or entry to evict is not recorded, and says outright that such a writer cannot be built from the package alone.	service-VenueOpsService.json, cache:resolution: writtenBy ["getVenueMapGraph","publishVenueMap","setPathClosure"]; gap: "The lineage names this store, not the key. Which resolution entry each writer below evicts or bumps ... is not recorded for any operation, so a writer here cannot yet be implemented from the package alone." The operation's lineage also lists writes: [..., "cache:resolution", ...
